worksheet,sheet_state,cell,row,col,cell_class,formula,cached_value,cached_value_type,number_format,precedents_extracted,precedent_count,module_area,data_type_openpyxl,ambiguity_flag,notes
CR Econ,visible,R5,5,18,formula,"=IF(Q5=0,"""",IF(Q5<='Fiscal Terms_PIA'!$W$60,'Fiscal Terms_PIA'!$X$60,IF(AND(Q5>'Fiscal Terms_PIA'!$W$60,Q5<='Fiscal Terms_PIA'!$W$61),('Fiscal Terms_PIA'!$X$60*'Fiscal Terms_PIA'!$W$60+(Q5-'Fiscal Terms_PIA'!$W$60)*'Fiscal Terms_PIA'!$X$61)/Q5,IF(AND(Q5>'Fiscal Terms_PIA'!$W$61,Q5<='Fiscal Terms_PIA'!$W$62),('Fiscal Terms_PIA'!$X$60*'Fiscal Terms_PIA'!$W$60+'Fiscal Terms_PIA'!$X$61*('Fiscal Terms_PIA'!$W$61-'Fiscal Terms_PIA'!$W$60)+'Fiscal Terms_PIA'!$X$62*(Q5-'Fiscal Terms_PIA'!$W$61))/Q5,IF(AND(Q5>'Fiscal Terms_PIA'!$W$62,Q5<='Fiscal Terms_PIA'!$W$63),('Fiscal Terms_PIA'!$X$60*'Fiscal Terms_PIA'!$W$60+'Fiscal Terms_PIA'!$X$61*('Fiscal Terms_PIA'!$W$61-'Fiscal Terms_PIA'!$W$60)+'Fiscal Terms_PIA'!$X$62*('Fiscal Terms_PIA'!$W$62-'Fiscal Terms_PIA'!$W$61)+'Fiscal Terms_PIA'!$X$63*(Q5-'Fiscal Terms_PIA'!$W$62))/Q5,IF(AND(Q5>'Fiscal Terms_PIA'!$W$63,Q5<='Fiscal Terms_PIA'!$W$64),('Fiscal Terms_PIA'!$X$60*'Fiscal Terms_PIA'!$W$60+'Fiscal Terms_PIA'!$X$61*('Fiscal Terms_PIA'!$W$61-'Fiscal Terms_PIA'!$W$60)+'Fiscal Terms_PIA'!$X$62*('Fiscal Terms_PIA'!$W$62-'Fiscal Terms_PIA'!$W$61)+'Fiscal Terms_PIA'!$X$63*('Fiscal Terms_PIA'!$W$63-'Fiscal Terms_PIA'!$W$62)+'Fiscal Terms_PIA'!$X$64*(Q5-'Fiscal Terms_PIA'!$W$63))/Q5,'Fiscal Terms_PIA'!$X$65))))))",,,0.00%,'Fiscal Terms_PIA'!$W$60 | 'Fiscal Terms_PIA'!$W$61 | 'Fiscal Terms_PIA'!$W$62 | 'Fiscal Terms_PIA'!$W$63 | 'Fiscal Terms_PIA'!$W$64 | 'Fiscal Terms_PIA'!$X$60 | 'Fiscal Terms_PIA'!$X$61 | 'Fiscal Terms_PIA'!$X$62 | 'Fiscal Terms_PIA'!$X$63 | 'Fiscal Terms_PIA'!$X$64 | 'Fiscal Terms_PIA'!$X$65 | Q5 | W$60 | W$61 | W$62 | W$63 | W$64 | X$60 | X$61 | X$62 | X$63 | X$64 | X$65,23,Results / Dashboard,f,NO_CACHED_VALUE,Formula present but data_only cache empty; full Excel recalc may be required for expected value.
CR Econ,visible,S5,5,19,formula,"=IF(Q5=0,"""",100%-R5)",,,0.00%,Q5 | R5,2,Results / Dashboard,f,NO_CACHED_VALUE,Formula present but data_only cache empty; full Excel recalc may be required for expected value.
CR Econ,visible,R6,6,18,formula,"=IF(Q6=0,"""",IF(Q6<='Fiscal Terms_PIA'!$W$60,'Fiscal Terms_PIA'!$X$60,IF(AND(Q6>'Fiscal Terms_PIA'!$W$60,Q6<='Fiscal Terms_PIA'!$W$61),('Fiscal Terms_PIA'!$X$60*'Fiscal Terms_PIA'!$W$60+(Q6-'Fiscal Terms_PIA'!$W$60)*'Fiscal Terms_PIA'!$X$61)/Q6,IF(AND(Q6>'Fiscal Terms_PIA'!$W$61,Q6<='Fiscal Terms_PIA'!$W$62),('Fiscal Terms_PIA'!$X$60*'Fiscal Terms_PIA'!$W$60+'Fiscal Terms_PIA'!$X$61*('Fiscal Terms_PIA'!$W$61-'Fiscal Terms_PIA'!$W$60)+'Fiscal Terms_PIA'!$X$62*(Q6-'Fiscal Terms_PIA'!$W$61))/Q6,IF(AND(Q6>'Fiscal Terms_PIA'!$W$62,Q6<='Fiscal Terms_PIA'!$W$63),('Fiscal Terms_PIA'!$X$60*'Fiscal Terms_PIA'!$W$60+'Fiscal Terms_PIA'!$X$61*('Fiscal Terms_PIA'!$W$61-'Fiscal Terms_PIA'!$W$60)+'Fiscal Terms_PIA'!$X$62*('Fiscal Terms_PIA'!$W$62-'Fiscal Terms_PIA'!$W$61)+'Fiscal Terms_PIA'!$X$63*(Q6-'Fiscal Terms_PIA'!$W$62))/Q6,IF(AND(Q6>'Fiscal Terms_PIA'!$W$63,Q6<='Fiscal Terms_PIA'!$W$64),('Fiscal Terms_PIA'!$X$60*'Fiscal Terms_PIA'!$W$60+'Fiscal Terms_PIA'!$X$61*('Fiscal Terms_PIA'!$W$61-'Fiscal Terms_PIA'!$W$60)+'Fiscal Terms_PIA'!$X$62*('Fiscal Terms_PIA'!$W$62-'Fiscal Terms_PIA'!$W$61)+'Fiscal Terms_PIA'!$X$63*('Fiscal Terms_PIA'!$W$63-'Fiscal Terms_PIA'!$W$62)+'Fiscal Terms_PIA'!$X$64*(Q6-'Fiscal Terms_PIA'!$W$63))/Q6,'Fiscal Terms_PIA'!$X$65))))))",,,0.00%,'Fiscal Terms_PIA'!$W$60 | 'Fiscal Terms_PIA'!$W$61 | 'Fiscal Terms_PIA'!$W$62 | 'Fiscal Terms_PIA'!$W$63 | 'Fiscal Terms_PIA'!$W$64 | 'Fiscal Terms_PIA'!$X$60 | 'Fiscal Terms_PIA'!$X$61 | 'Fiscal Terms_PIA'!$X$62 | 'Fiscal Terms_PIA'!$X$63 | 'Fiscal Terms_PIA'!$X$64 | 'Fiscal Terms_PIA'!$X$65 | Q6 | W$60 | W$61 | W$62 | W$63 | W$64 | X$60 | X$61 | X$62 | X$63 | X$64 | X$65,23,Results / Dashboard,f,NO_CACHED_VALUE,Formula present but data_only cache empty; full Excel recalc may be required for expected value.
CR Econ,visible,S6,6,19,formula,"=IF(Q6=0,"""",100%-R6)",,,0.00%,Q6 | R6,2,Results / Dashboard,f,NO_CACHED_VALUE,Formula present but data_only cache empty; full Excel recalc may be required for expected value.
CR Econ,visible,R7,7,18,formula,"=IF(Q7=0,"""",IF(Q7<='Fiscal Terms_PIA'!$W$60,'Fiscal Terms_PIA'!$X$60,IF(AND(Q7>'Fiscal Terms_PIA'!$W$60,Q7<='Fiscal Terms_PIA'!$W$61),('Fiscal Terms_PIA'!$X$60*'Fiscal Terms_PIA'!$W$60+(Q7-'Fiscal Terms_PIA'!$W$60)*'Fiscal Terms_PIA'!$X$61)/Q7,IF(AND(Q7>'Fiscal Terms_PIA'!$W$61,Q7<='Fiscal Terms_PIA'!$W$62),('Fiscal Terms_PIA'!$X$60*'Fiscal Terms_PIA'!$W$60+'Fiscal Terms_PIA'!$X$61*('Fiscal Terms_PIA'!$W$61-'Fiscal Terms_PIA'!$W$60)+'Fiscal Terms_PIA'!$X$62*(Q7-'Fiscal Terms_PIA'!$W$61))/Q7,IF(AND(Q7>'Fiscal Terms_PIA'!$W$62,Q7<='Fiscal Terms_PIA'!$W$63),('Fiscal Terms_PIA'!$X$60*'Fiscal Terms_PIA'!$W$60+'Fiscal Terms_PIA'!$X$61*('Fiscal Terms_PIA'!$W$61-'Fiscal Terms_PIA'!$W$60)+'Fiscal Terms_PIA'!$X$62*('Fiscal Terms_PIA'!$W$62-'Fiscal Terms_PIA'!$W$61)+'Fiscal Terms_PIA'!$X$63*(Q7-'Fiscal Terms_PIA'!$W$62))/Q7,IF(AND(Q7>'Fiscal Terms_PIA'!$W$63,Q7<='Fiscal Terms_PIA'!$W$64),('Fiscal Terms_PIA'!$X$60*'Fiscal Terms_PIA'!$W$60+'Fiscal Terms_PIA'!$X$61*('Fiscal Terms_PIA'!$W$61-'Fiscal Terms_PIA'!$W$60)+'Fiscal Terms_PIA'!$X$62*('Fiscal Terms_PIA'!$W$62-'Fiscal Terms_PIA'!$W$61)+'Fiscal Terms_PIA'!$X$63*('Fiscal Terms_PIA'!$W$63-'Fiscal Terms_PIA'!$W$62)+'Fiscal Terms_PIA'!$X$64*(Q7-'Fiscal Terms_PIA'!$W$63))/Q7,'Fiscal Terms_PIA'!$X$65))))))",,,0.00%,'Fiscal Terms_PIA'!$W$60 | 'Fiscal Terms_PIA'!$W$61 | 'Fiscal Terms_PIA'!$W$62 | 'Fiscal Terms_PIA'!$W$63 | 'Fiscal Terms_PIA'!$W$64 | 'Fiscal Terms_PIA'!$X$60 | 'Fiscal Terms_PIA'!$X$61 | 'Fiscal Terms_PIA'!$X$62 | 'Fiscal Terms_PIA'!$X$63 | 'Fiscal Terms_PIA'!$X$64 | 'Fiscal Terms_PIA'!$X$65 | Q7 | W$60 | W$61 | W$62 | W$63 | W$64 | X$60 | X$61 | X$62 | X$63 | X$64 | X$65,23,Results / Dashboard,f,NO_CACHED_VALUE,Formula present but data_only cache empty; full Excel recalc may be required for expected value.
CR Econ,visible,S7,7,19,formula,"=IF(Q7=0,"""",100%-R7)",,,0.00%,Q7 | R7,2,Results / Dashboard,f,NO_CACHED_VALUE,Formula present but data_only cache empty; full Excel recalc may be required for expected value.
CR Econ,visible,R23,23,18,formula,"=IF(Q23=0,"""",IF(Q23<='Fiscal Terms_PIA'!$W$60,'Fiscal Terms_PIA'!$X$60,IF(AND(Q23>'Fiscal Terms_PIA'!$W$60,Q23<='Fiscal Terms_PIA'!$W$61),('Fiscal Terms_PIA'!$X$60*'Fiscal Terms_PIA'!$W$60+(Q23-'Fiscal Terms_PIA'!$W$60)*'Fiscal Terms_PIA'!$X$61)/Q23,IF(AND(Q23>'Fiscal Terms_PIA'!$W$61,Q23<='Fiscal Terms_PIA'!$W$62),('Fiscal Terms_PIA'!$X$60*'Fiscal Terms_PIA'!$W$60+'Fiscal Terms_PIA'!$X$61*('Fiscal Terms_PIA'!$W$61-'Fiscal Terms_PIA'!$W$60)+'Fiscal Terms_PIA'!$X$62*(Q23-'Fiscal Terms_PIA'!$W$61))/Q23,IF(AND(Q23>'Fiscal Terms_PIA'!$W$62,Q23<='Fiscal Terms_PIA'!$W$63),('Fiscal Terms_PIA'!$X$60*'Fiscal Terms_PIA'!$W$60+'Fiscal Terms_PIA'!$X$61*('Fiscal Terms_PIA'!$W$61-'Fiscal Terms_PIA'!$W$60)+'Fiscal Terms_PIA'!$X$62*('Fiscal Terms_PIA'!$W$62-'Fiscal Terms_PIA'!$W$61)+'Fiscal Terms_PIA'!$X$63*(Q23-'Fiscal Terms_PIA'!$W$62))/Q23,IF(AND(Q23>'Fiscal Terms_PIA'!$W$63,Q23<='Fiscal Terms_PIA'!$W$64),('Fiscal Terms_PIA'!$X$60*'Fiscal Terms_PIA'!$W$60+'Fiscal Terms_PIA'!$X$61*('Fiscal Terms_PIA'!$W$61-'Fiscal Terms_PIA'!$W$60)+'Fiscal Terms_PIA'!$X$62*('Fiscal Terms_PIA'!$W$62-'Fiscal Terms_PIA'!$W$61)+'Fiscal Terms_PIA'!$X$63*('Fiscal Terms_PIA'!$W$63-'Fiscal Terms_PIA'!$W$62)+'Fiscal Terms_PIA'!$X$64*(Q23-'Fiscal Terms_PIA'!$W$63))/Q23,'Fiscal Terms_PIA'!$X$65))))))",,,0.00%,'Fiscal Terms_PIA'!$W$60 | 'Fiscal Terms_PIA'!$W$61 | 'Fiscal Terms_PIA'!$W$62 | 'Fiscal Terms_PIA'!$W$63 | 'Fiscal Terms_PIA'!$W$64 | 'Fiscal Terms_PIA'!$X$60 | 'Fiscal Terms_PIA'!$X$61 | 'Fiscal Terms_PIA'!$X$62 | 'Fiscal Terms_PIA'!$X$63 | 'Fiscal Terms_PIA'!$X$64 | 'Fiscal Terms_PIA'!$X$65 | Q23 | W$60 | W$61 | W$62 | W$63 | W$64 | X$60 | X$61 | X$62 | X$63 | X$64 | X$65,23,Results / Dashboard,f,NO_CACHED_VALUE,Formula present but data_only cache empty; full Excel recalc may be required for expected value.
CR Econ,visible,S23,23,19,formula,"=IF(Q23=0,"""",100%-R23)",,,0.00%,Q23 | R23,2,Results / Dashboard,f,NO_CACHED_VALUE,Formula present but data_only cache empty; full Excel recalc may be required for expected value.
CR Econ,visible,R24,24,18,formula,"=IF(Q24=0,"""",IF(Q24<='Fiscal Terms_PIA'!$W$60,'Fiscal Terms_PIA'!$X$60,IF(AND(Q24>'Fiscal Terms_PIA'!$W$60,Q24<='Fiscal Terms_PIA'!$W$61),('Fiscal Terms_PIA'!$X$60*'Fiscal Terms_PIA'!$W$60+(Q24-'Fiscal Terms_PIA'!$W$60)*'Fiscal Terms_PIA'!$X$61)/Q24,IF(AND(Q24>'Fiscal Terms_PIA'!$W$61,Q24<='Fiscal Terms_PIA'!$W$62),('Fiscal Terms_PIA'!$X$60*'Fiscal Terms_PIA'!$W$60+'Fiscal Terms_PIA'!$X$61*('Fiscal Terms_PIA'!$W$61-'Fiscal Terms_PIA'!$W$60)+'Fiscal Terms_PIA'!$X$62*(Q24-'Fiscal Terms_PIA'!$W$61))/Q24,IF(AND(Q24>'Fiscal Terms_PIA'!$W$62,Q24<='Fiscal Terms_PIA'!$W$63),('Fiscal Terms_PIA'!$X$60*'Fiscal Terms_PIA'!$W$60+'Fiscal Terms_PIA'!$X$61*('Fiscal Terms_PIA'!$W$61-'Fiscal Terms_PIA'!$W$60)+'Fiscal Terms_PIA'!$X$62*('Fiscal Terms_PIA'!$W$62-'Fiscal Terms_PIA'!$W$61)+'Fiscal Terms_PIA'!$X$63*(Q24-'Fiscal Terms_PIA'!$W$62))/Q24,IF(AND(Q24>'Fiscal Terms_PIA'!$W$63,Q24<='Fiscal Terms_PIA'!$W$64),('Fiscal Terms_PIA'!$X$60*'Fiscal Terms_PIA'!$W$60+'Fiscal Terms_PIA'!$X$61*('Fiscal Terms_PIA'!$W$61-'Fiscal Terms_PIA'!$W$60)+'Fiscal Terms_PIA'!$X$62*('Fiscal Terms_PIA'!$W$62-'Fiscal Terms_PIA'!$W$61)+'Fiscal Terms_PIA'!$X$63*('Fiscal Terms_PIA'!$W$63-'Fiscal Terms_PIA'!$W$62)+'Fiscal Terms_PIA'!$X$64*(Q24-'Fiscal Terms_PIA'!$W$63))/Q24,'Fiscal Terms_PIA'!$X$65))))))",,,0.00%,'Fiscal Terms_PIA'!$W$60 | 'Fiscal Terms_PIA'!$W$61 | 'Fiscal Terms_PIA'!$W$62 | 'Fiscal Terms_PIA'!$W$63 | 'Fiscal Terms_PIA'!$W$64 | 'Fiscal Terms_PIA'!$X$60 | 'Fiscal Terms_PIA'!$X$61 | 'Fiscal Terms_PIA'!$X$62 | 'Fiscal Terms_PIA'!$X$63 | 'Fiscal Terms_PIA'!$X$64 | 'Fiscal Terms_PIA'!$X$65 | Q24 | W$60 | W$61 | W$62 | W$63 | W$64 | X$60 | X$61 | X$62 | X$63 | X$64 | X$65,23,Results / Dashboard,f,NO_CACHED_VALUE,Formula present but data_only cache empty; full Excel recalc may be required for expected value.
CR Econ,visible,S24,24,19,formula,"=IF(Q24=0,"""",100%-R24)",,,0.00%,Q24 | R24,2,Results / Dashboard,f,NO_CACHED_VALUE,Formula present but data_only cache empty; full Excel recalc may be required for expected value.
CR Econ,visible,R25,25,18,formula,"=IF(Q25=0,"""",IF(Q25<='Fiscal Terms_PIA'!$W$60,'Fiscal Terms_PIA'!$X$60,IF(AND(Q25>'Fiscal Terms_PIA'!$W$60,Q25<='Fiscal Terms_PIA'!$W$61),('Fiscal Terms_PIA'!$X$60*'Fiscal Terms_PIA'!$W$60+(Q25-'Fiscal Terms_PIA'!$W$60)*'Fiscal Terms_PIA'!$X$61)/Q25,IF(AND(Q25>'Fiscal Terms_PIA'!$W$61,Q25<='Fiscal Terms_PIA'!$W$62),('Fiscal Terms_PIA'!$X$60*'Fiscal Terms_PIA'!$W$60+'Fiscal Terms_PIA'!$X$61*('Fiscal Terms_PIA'!$W$61-'Fiscal Terms_PIA'!$W$60)+'Fiscal Terms_PIA'!$X$62*(Q25-'Fiscal Terms_PIA'!$W$61))/Q25,IF(AND(Q25>'Fiscal Terms_PIA'!$W$62,Q25<='Fiscal Terms_PIA'!$W$63),('Fiscal Terms_PIA'!$X$60*'Fiscal Terms_PIA'!$W$60+'Fiscal Terms_PIA'!$X$61*('Fiscal Terms_PIA'!$W$61-'Fiscal Terms_PIA'!$W$60)+'Fiscal Terms_PIA'!$X$62*('Fiscal Terms_PIA'!$W$62-'Fiscal Terms_PIA'!$W$61)+'Fiscal Terms_PIA'!$X$63*(Q25-'Fiscal Terms_PIA'!$W$62))/Q25,IF(AND(Q25>'Fiscal Terms_PIA'!$W$63,Q25<='Fiscal Terms_PIA'!$W$64),('Fiscal Terms_PIA'!$X$60*'Fiscal Terms_PIA'!$W$60+'Fiscal Terms_PIA'!$X$61*('Fiscal Terms_PIA'!$W$61-'Fiscal Terms_PIA'!$W$60)+'Fiscal Terms_PIA'!$X$62*('Fiscal Terms_PIA'!$W$62-'Fiscal Terms_PIA'!$W$61)+'Fiscal Terms_PIA'!$X$63*('Fiscal Terms_PIA'!$W$63-'Fiscal Terms_PIA'!$W$62)+'Fiscal Terms_PIA'!$X$64*(Q25-'Fiscal Terms_PIA'!$W$63))/Q25,'Fiscal Terms_PIA'!$X$65))))))",,,0.00%,'Fiscal Terms_PIA'!$W$60 | 'Fiscal Terms_PIA'!$W$61 | 'Fiscal Terms_PIA'!$W$62 | 'Fiscal Terms_PIA'!$W$63 | 'Fiscal Terms_PIA'!$W$64 | 'Fiscal Terms_PIA'!$X$60 | 'Fiscal Terms_PIA'!$X$61 | 'Fiscal Terms_PIA'!$X$62 | 'Fiscal Terms_PIA'!$X$63 | 'Fiscal Terms_PIA'!$X$64 | 'Fiscal Terms_PIA'!$X$65 | Q25 | W$60 | W$61 | W$62 | W$63 | W$64 | X$60 | X$61 | X$62 | X$63 | X$64 | X$65,23,Results / Dashboard,f,NO_CACHED_VALUE,Formula present but data_only cache empty; full Excel recalc may be required for expected value.
CR Econ,visible,S25,25,19,formula,"=IF(Q25=0,"""",100%-R25)",,,0.00%,Q25 | R25,2,Results / Dashboard,f,NO_CACHED_VALUE,Formula present but data_only cache empty; full Excel recalc may be required for expected value.
CR Econ,visible,R26,26,18,formula,"=IF(Q26=0,"""",IF(Q26<='Fiscal Terms_PIA'!$W$60,'Fiscal Terms_PIA'!$X$60,IF(AND(Q26>'Fiscal Terms_PIA'!$W$60,Q26<='Fiscal Terms_PIA'!$W$61),('Fiscal Terms_PIA'!$X$60*'Fiscal Terms_PIA'!$W$60+(Q26-'Fiscal Terms_PIA'!$W$60)*'Fiscal Terms_PIA'!$X$61)/Q26,IF(AND(Q26>'Fiscal Terms_PIA'!$W$61,Q26<='Fiscal Terms_PIA'!$W$62),('Fiscal Terms_PIA'!$X$60*'Fiscal Terms_PIA'!$W$60+'Fiscal Terms_PIA'!$X$61*('Fiscal Terms_PIA'!$W$61-'Fiscal Terms_PIA'!$W$60)+'Fiscal Terms_PIA'!$X$62*(Q26-'Fiscal Terms_PIA'!$W$61))/Q26,IF(AND(Q26>'Fiscal Terms_PIA'!$W$62,Q26<='Fiscal Terms_PIA'!$W$63),('Fiscal Terms_PIA'!$X$60*'Fiscal Terms_PIA'!$W$60+'Fiscal Terms_PIA'!$X$61*('Fiscal Terms_PIA'!$W$61-'Fiscal Terms_PIA'!$W$60)+'Fiscal Terms_PIA'!$X$62*('Fiscal Terms_PIA'!$W$62-'Fiscal Terms_PIA'!$W$61)+'Fiscal Terms_PIA'!$X$63*(Q26-'Fiscal Terms_PIA'!$W$62))/Q26,IF(AND(Q26>'Fiscal Terms_PIA'!$W$63,Q26<='Fiscal Terms_PIA'!$W$64),('Fiscal Terms_PIA'!$X$60*'Fiscal Terms_PIA'!$W$60+'Fiscal Terms_PIA'!$X$61*('Fiscal Terms_PIA'!$W$61-'Fiscal Terms_PIA'!$W$60)+'Fiscal Terms_PIA'!$X$62*('Fiscal Terms_PIA'!$W$62-'Fiscal Terms_PIA'!$W$61)+'Fiscal Terms_PIA'!$X$63*('Fiscal Terms_PIA'!$W$63-'Fiscal Terms_PIA'!$W$62)+'Fiscal Terms_PIA'!$X$64*(Q26-'Fiscal Terms_PIA'!$W$63))/Q26,'Fiscal Terms_PIA'!$X$65))))))",,,0.00%,'Fiscal Terms_PIA'!$W$60 | 'Fiscal Terms_PIA'!$W$61 | 'Fiscal Terms_PIA'!$W$62 | 'Fiscal Terms_PIA'!$W$63 | 'Fiscal Terms_PIA'!$W$64 | 'Fiscal Terms_PIA'!$X$60 | 'Fiscal Terms_PIA'!$X$61 | 'Fiscal Terms_PIA'!$X$62 | 'Fiscal Terms_PIA'!$X$63 | 'Fiscal Terms_PIA'!$X$64 | 'Fiscal Terms_PIA'!$X$65 | Q26 | W$60 | W$61 | W$62 | W$63 | W$64 | X$60 | X$61 | X$62 | X$63 | X$64 | X$65,23,Results / Dashboard,f,NO_CACHED_VALUE,Formula present but data_only cache empty; full Excel recalc may be required for expected value.
CR Econ,visible,S26,26,19,formula,"=IF(Q26=0,"""",100%-R26)",,,0.00%,Q26 | R26,2,Results / Dashboard,f,NO_CACHED_VALUE,Formula present but data_only cache empty; full Excel recalc may be required for expected value.
CR Econ,visible,R27,27,18,formula,"=IF(Q27=0,"""",IF(Q27<='Fiscal Terms_PIA'!$W$60,'Fiscal Terms_PIA'!$X$60,IF(AND(Q27>'Fiscal Terms_PIA'!$W$60,Q27<='Fiscal Terms_PIA'!$W$61),('Fiscal Terms_PIA'!$X$60*'Fiscal Terms_PIA'!$W$60+(Q27-'Fiscal Terms_PIA'!$W$60)*'Fiscal Terms_PIA'!$X$61)/Q27,IF(AND(Q27>'Fiscal Terms_PIA'!$W$61,Q27<='Fiscal Terms_PIA'!$W$62),('Fiscal Terms_PIA'!$X$60*'Fiscal Terms_PIA'!$W$60+'Fiscal Terms_PIA'!$X$61*('Fiscal Terms_PIA'!$W$61-'Fiscal Terms_PIA'!$W$60)+'Fiscal Terms_PIA'!$X$62*(Q27-'Fiscal Terms_PIA'!$W$61))/Q27,IF(AND(Q27>'Fiscal Terms_PIA'!$W$62,Q27<='Fiscal Terms_PIA'!$W$63),('Fiscal Terms_PIA'!$X$60*'Fiscal Terms_PIA'!$W$60+'Fiscal Terms_PIA'!$X$61*('Fiscal Terms_PIA'!$W$61-'Fiscal Terms_PIA'!$W$60)+'Fiscal Terms_PIA'!$X$62*('Fiscal Terms_PIA'!$W$62-'Fiscal Terms_PIA'!$W$61)+'Fiscal Terms_PIA'!$X$63*(Q27-'Fiscal Terms_PIA'!$W$62))/Q27,IF(AND(Q27>'Fiscal Terms_PIA'!$W$63,Q27<='Fiscal Terms_PIA'!$W$64),('Fiscal Terms_PIA'!$X$60*'Fiscal Terms_PIA'!$W$60+'Fiscal Terms_PIA'!$X$61*('Fiscal Terms_PIA'!$W$61-'Fiscal Terms_PIA'!$W$60)+'Fiscal Terms_PIA'!$X$62*('Fiscal Terms_PIA'!$W$62-'Fiscal Terms_PIA'!$W$61)+'Fiscal Terms_PIA'!$X$63*('Fiscal Terms_PIA'!$W$63-'Fiscal Terms_PIA'!$W$62)+'Fiscal Terms_PIA'!$X$64*(Q27-'Fiscal Terms_PIA'!$W$63))/Q27,'Fiscal Terms_PIA'!$X$65))))))",,,0.00%,'Fiscal Terms_PIA'!$W$60 | 'Fiscal Terms_PIA'!$W$61 | 'Fiscal Terms_PIA'!$W$62 | 'Fiscal Terms_PIA'!$W$63 | 'Fiscal Terms_PIA'!$W$64 | 'Fiscal Terms_PIA'!$X$60 | 'Fiscal Terms_PIA'!$X$61 | 'Fiscal Terms_PIA'!$X$62 | 'Fiscal Terms_PIA'!$X$63 | 'Fiscal Terms_PIA'!$X$64 | 'Fiscal Terms_PIA'!$X$65 | Q27 | W$60 | W$61 | W$62 | W$63 | W$64 | X$60 | X$61 | X$62 | X$63 | X$64 | X$65,23,Results / Dashboard,f,NO_CACHED_VALUE,Formula present but data_only cache empty; full Excel recalc may be required for expected value.
CR Econ,visible,S27,27,19,formula,"=IF(Q27=0,"""",100%-R27)",,,0.00%,Q27 | R27,2,Results / Dashboard,f,NO_CACHED_VALUE,Formula present but data_only cache empty; full Excel recalc may be required for expected value.
CR Econ,visible,R28,28,18,formula,"=IF(Q28=0,"""",IF(Q28<='Fiscal Terms_PIA'!$W$60,'Fiscal Terms_PIA'!$X$60,IF(AND(Q28>'Fiscal Terms_PIA'!$W$60,Q28<='Fiscal Terms_PIA'!$W$61),('Fiscal Terms_PIA'!$X$60*'Fiscal Terms_PIA'!$W$60+(Q28-'Fiscal Terms_PIA'!$W$60)*'Fiscal Terms_PIA'!$X$61)/Q28,IF(AND(Q28>'Fiscal Terms_PIA'!$W$61,Q28<='Fiscal Terms_PIA'!$W$62),('Fiscal Terms_PIA'!$X$60*'Fiscal Terms_PIA'!$W$60+'Fiscal Terms_PIA'!$X$61*('Fiscal Terms_PIA'!$W$61-'Fiscal Terms_PIA'!$W$60)+'Fiscal Terms_PIA'!$X$62*(Q28-'Fiscal Terms_PIA'!$W$61))/Q28,IF(AND(Q28>'Fiscal Terms_PIA'!$W$62,Q28<='Fiscal Terms_PIA'!$W$63),('Fiscal Terms_PIA'!$X$60*'Fiscal Terms_PIA'!$W$60+'Fiscal Terms_PIA'!$X$61*('Fiscal Terms_PIA'!$W$61-'Fiscal Terms_PIA'!$W$60)+'Fiscal Terms_PIA'!$X$62*('Fiscal Terms_PIA'!$W$62-'Fiscal Terms_PIA'!$W$61)+'Fiscal Terms_PIA'!$X$63*(Q28-'Fiscal Terms_PIA'!$W$62))/Q28,IF(AND(Q28>'Fiscal Terms_PIA'!$W$63,Q28<='Fiscal Terms_PIA'!$W$64),('Fiscal Terms_PIA'!$X$60*'Fiscal Terms_PIA'!$W$60+'Fiscal Terms_PIA'!$X$61*('Fiscal Terms_PIA'!$W$61-'Fiscal Terms_PIA'!$W$60)+'Fiscal Terms_PIA'!$X$62*('Fiscal Terms_PIA'!$W$62-'Fiscal Terms_PIA'!$W$61)+'Fiscal Terms_PIA'!$X$63*('Fiscal Terms_PIA'!$W$63-'Fiscal Terms_PIA'!$W$62)+'Fiscal Terms_PIA'!$X$64*(Q28-'Fiscal Terms_PIA'!$W$63))/Q28,'Fiscal Terms_PIA'!$X$65))))))",,,0.00%,'Fiscal Terms_PIA'!$W$60 | 'Fiscal Terms_PIA'!$W$61 | 'Fiscal Terms_PIA'!$W$62 | 'Fiscal Terms_PIA'!$W$63 | 'Fiscal Terms_PIA'!$W$64 | 'Fiscal Terms_PIA'!$X$60 | 'Fiscal Terms_PIA'!$X$61 | 'Fiscal Terms_PIA'!$X$62 | 'Fiscal Terms_PIA'!$X$63 | 'Fiscal Terms_PIA'!$X$64 | 'Fiscal Terms_PIA'!$X$65 | Q28 | W$60 | W$61 | W$62 | W$63 | W$64 | X$60 | X$61 | X$62 | X$63 | X$64 | X$65,23,Results / Dashboard,f,NO_CACHED_VALUE,Formula present but data_only cache empty; full Excel recalc may be required for expected value.
CR Econ,visible,S28,28,19,formula,"=IF(Q28=0,"""",100%-R28)",,,0.00%,Q28 | R28,2,Results / Dashboard,f,NO_CACHED_VALUE,Formula present but data_only cache empty; full Excel recalc may be required for expected value.
CR Econ,visible,R29,29,18,formula,"=IF(Q29=0,"""",IF(Q29<='Fiscal Terms_PIA'!$W$60,'Fiscal Terms_PIA'!$X$60,IF(AND(Q29>'Fiscal Terms_PIA'!$W$60,Q29<='Fiscal Terms_PIA'!$W$61),('Fiscal Terms_PIA'!$X$60*'Fiscal Terms_PIA'!$W$60+(Q29-'Fiscal Terms_PIA'!$W$60)*'Fiscal Terms_PIA'!$X$61)/Q29,IF(AND(Q29>'Fiscal Terms_PIA'!$W$61,Q29<='Fiscal Terms_PIA'!$W$62),('Fiscal Terms_PIA'!$X$60*'Fiscal Terms_PIA'!$W$60+'Fiscal Terms_PIA'!$X$61*('Fiscal Terms_PIA'!$W$61-'Fiscal Terms_PIA'!$W$60)+'Fiscal Terms_PIA'!$X$62*(Q29-'Fiscal Terms_PIA'!$W$61))/Q29,IF(AND(Q29>'Fiscal Terms_PIA'!$W$62,Q29<='Fiscal Terms_PIA'!$W$63),('Fiscal Terms_PIA'!$X$60*'Fiscal Terms_PIA'!$W$60+'Fiscal Terms_PIA'!$X$61*('Fiscal Terms_PIA'!$W$61-'Fiscal Terms_PIA'!$W$60)+'Fiscal Terms_PIA'!$X$62*('Fiscal Terms_PIA'!$W$62-'Fiscal Terms_PIA'!$W$61)+'Fiscal Terms_PIA'!$X$63*(Q29-'Fiscal Terms_PIA'!$W$62))/Q29,IF(AND(Q29>'Fiscal Terms_PIA'!$W$63,Q29<='Fiscal Terms_PIA'!$W$64),('Fiscal Terms_PIA'!$X$60*'Fiscal Terms_PIA'!$W$60+'Fiscal Terms_PIA'!$X$61*('Fiscal Terms_PIA'!$W$61-'Fiscal Terms_PIA'!$W$60)+'Fiscal Terms_PIA'!$X$62*('Fiscal Terms_PIA'!$W$62-'Fiscal Terms_PIA'!$W$61)+'Fiscal Terms_PIA'!$X$63*('Fiscal Terms_PIA'!$W$63-'Fiscal Terms_PIA'!$W$62)+'Fiscal Terms_PIA'!$X$64*(Q29-'Fiscal Terms_PIA'!$W$63))/Q29,'Fiscal Terms_PIA'!$X$65))))))",,,0.00%,'Fiscal Terms_PIA'!$W$60 | 'Fiscal Terms_PIA'!$W$61 | 'Fiscal Terms_PIA'!$W$62 | 'Fiscal Terms_PIA'!$W$63 | 'Fiscal Terms_PIA'!$W$64 | 'Fiscal Terms_PIA'!$X$60 | 'Fiscal Terms_PIA'!$X$61 | 'Fiscal Terms_PIA'!$X$62 | 'Fiscal Terms_PIA'!$X$63 | 'Fiscal Terms_PIA'!$X$64 | 'Fiscal Terms_PIA'!$X$65 | Q29 | W$60 | W$61 | W$62 | W$63 | W$64 | X$60 | X$61 | X$62 | X$63 | X$64 | X$65,23,Results / Dashboard,f,NO_CACHED_VALUE,Formula present but data_only cache empty; full Excel recalc may be required for expected value.
CR Econ,visible,S29,29,19,formula,"=IF(Q29=0,"""",100%-R29)",,,0.00%,Q29 | R29,2,Results / Dashboard,f,NO_CACHED_VALUE,Formula present but data_only cache empty; full Excel recalc may be required for expected value.
CR Econ,visible,R30,30,18,formula,"=IF(Q30=0,"""",IF(Q30<='Fiscal Terms_PIA'!$W$60,'Fiscal Terms_PIA'!$X$60,IF(AND(Q30>'Fiscal Terms_PIA'!$W$60,Q30<='Fiscal Terms_PIA'!$W$61),('Fiscal Terms_PIA'!$X$60*'Fiscal Terms_PIA'!$W$60+(Q30-'Fiscal Terms_PIA'!$W$60)*'Fiscal Terms_PIA'!$X$61)/Q30,IF(AND(Q30>'Fiscal Terms_PIA'!$W$61,Q30<='Fiscal Terms_PIA'!$W$62),('Fiscal Terms_PIA'!$X$60*'Fiscal Terms_PIA'!$W$60+'Fiscal Terms_PIA'!$X$61*('Fiscal Terms_PIA'!$W$61-'Fiscal Terms_PIA'!$W$60)+'Fiscal Terms_PIA'!$X$62*(Q30-'Fiscal Terms_PIA'!$W$61))/Q30,IF(AND(Q30>'Fiscal Terms_PIA'!$W$62,Q30<='Fiscal Terms_PIA'!$W$63),('Fiscal Terms_PIA'!$X$60*'Fiscal Terms_PIA'!$W$60+'Fiscal Terms_PIA'!$X$61*('Fiscal Terms_PIA'!$W$61-'Fiscal Terms_PIA'!$W$60)+'Fiscal Terms_PIA'!$X$62*('Fiscal Terms_PIA'!$W$62-'Fiscal Terms_PIA'!$W$61)+'Fiscal Terms_PIA'!$X$63*(Q30-'Fiscal Terms_PIA'!$W$62))/Q30,IF(AND(Q30>'Fiscal Terms_PIA'!$W$63,Q30<='Fiscal Terms_PIA'!$W$64),('Fiscal Terms_PIA'!$X$60*'Fiscal Terms_PIA'!$W$60+'Fiscal Terms_PIA'!$X$61*('Fiscal Terms_PIA'!$W$61-'Fiscal Terms_PIA'!$W$60)+'Fiscal Terms_PIA'!$X$62*('Fiscal Terms_PIA'!$W$62-'Fiscal Terms_PIA'!$W$61)+'Fiscal Terms_PIA'!$X$63*('Fiscal Terms_PIA'!$W$63-'Fiscal Terms_PIA'!$W$62)+'Fiscal Terms_PIA'!$X$64*(Q30-'Fiscal Terms_PIA'!$W$63))/Q30,'Fiscal Terms_PIA'!$X$65))))))",,,0.00%,'Fiscal Terms_PIA'!$W$60 | 'Fiscal Terms_PIA'!$W$61 | 'Fiscal Terms_PIA'!$W$62 | 'Fiscal Terms_PIA'!$W$63 | 'Fiscal Terms_PIA'!$W$64 | 'Fiscal Terms_PIA'!$X$60 | 'Fiscal Terms_PIA'!$X$61 | 'Fiscal Terms_PIA'!$X$62 | 'Fiscal Terms_PIA'!$X$63 | 'Fiscal Terms_PIA'!$X$64 | 'Fiscal Terms_PIA'!$X$65 | Q30 | W$60 | W$61 | W$62 | W$63 | W$64 | X$60 | X$61 | X$62 | X$63 | X$64 | X$65,23,Results / Dashboard,f,NO_CACHED_VALUE,Formula present but data_only cache empty; full Excel recalc may be required for expected value.
CR Econ,visible,S30,30,19,formula,"=IF(Q30=0,"""",100%-R30)",,,0.00%,Q30 | R30,2,Results / Dashboard,f,NO_CACHED_VALUE,Formula present but data_only cache empty; full Excel recalc may be required for expected value.
CR Econ,visible,R31,31,18,formula,"=IF(Q31=0,"""",IF(Q31<='Fiscal Terms_PIA'!$W$60,'Fiscal Terms_PIA'!$X$60,IF(AND(Q31>'Fiscal Terms_PIA'!$W$60,Q31<='Fiscal Terms_PIA'!$W$61),('Fiscal Terms_PIA'!$X$60*'Fiscal Terms_PIA'!$W$60+(Q31-'Fiscal Terms_PIA'!$W$60)*'Fiscal Terms_PIA'!$X$61)/Q31,IF(AND(Q31>'Fiscal Terms_PIA'!$W$61,Q31<='Fiscal Terms_PIA'!$W$62),('Fiscal Terms_PIA'!$X$60*'Fiscal Terms_PIA'!$W$60+'Fiscal Terms_PIA'!$X$61*('Fiscal Terms_PIA'!$W$61-'Fiscal Terms_PIA'!$W$60)+'Fiscal Terms_PIA'!$X$62*(Q31-'Fiscal Terms_PIA'!$W$61))/Q31,IF(AND(Q31>'Fiscal Terms_PIA'!$W$62,Q31<='Fiscal Terms_PIA'!$W$63),('Fiscal Terms_PIA'!$X$60*'Fiscal Terms_PIA'!$W$60+'Fiscal Terms_PIA'!$X$61*('Fiscal Terms_PIA'!$W$61-'Fiscal Terms_PIA'!$W$60)+'Fiscal Terms_PIA'!$X$62*('Fiscal Terms_PIA'!$W$62-'Fiscal Terms_PIA'!$W$61)+'Fiscal Terms_PIA'!$X$63*(Q31-'Fiscal Terms_PIA'!$W$62))/Q31,IF(AND(Q31>'Fiscal Terms_PIA'!$W$63,Q31<='Fiscal Terms_PIA'!$W$64),('Fiscal Terms_PIA'!$X$60*'Fiscal Terms_PIA'!$W$60+'Fiscal Terms_PIA'!$X$61*('Fiscal Terms_PIA'!$W$61-'Fiscal Terms_PIA'!$W$60)+'Fiscal Terms_PIA'!$X$62*('Fiscal Terms_PIA'!$W$62-'Fiscal Terms_PIA'!$W$61)+'Fiscal Terms_PIA'!$X$63*('Fiscal Terms_PIA'!$W$63-'Fiscal Terms_PIA'!$W$62)+'Fiscal Terms_PIA'!$X$64*(Q31-'Fiscal Terms_PIA'!$W$63))/Q31,'Fiscal Terms_PIA'!$X$65))))))",,,0.00%,'Fiscal Terms_PIA'!$W$60 | 'Fiscal Terms_PIA'!$W$61 | 'Fiscal Terms_PIA'!$W$62 | 'Fiscal Terms_PIA'!$W$63 | 'Fiscal Terms_PIA'!$W$64 | 'Fiscal Terms_PIA'!$X$60 | 'Fiscal Terms_PIA'!$X$61 | 'Fiscal Terms_PIA'!$X$62 | 'Fiscal Terms_PIA'!$X$63 | 'Fiscal Terms_PIA'!$X$64 | 'Fiscal Terms_PIA'!$X$65 | Q31 | W$60 | W$61 | W$62 | W$63 | W$64 | X$60 | X$61 | X$62 | X$63 | X$64 | X$65,23,Results / Dashboard,f,NO_CACHED_VALUE,Formula present but data_only cache empty; full Excel recalc may be required for expected value.
CR Econ,visible,S31,31,19,formula,"=IF(Q31=0,"""",100%-R31)",,,0.00%,Q31 | R31,2,Results / Dashboard,f,NO_CACHED_VALUE,Formula present but data_only cache empty; full Excel recalc may be required for expected value.
CR Econ,visible,R32,32,18,formula,"=IF(Q32=0,"""",IF(Q32<='Fiscal Terms_PIA'!$W$60,'Fiscal Terms_PIA'!$X$60,IF(AND(Q32>'Fiscal Terms_PIA'!$W$60,Q32<='Fiscal Terms_PIA'!$W$61),('Fiscal Terms_PIA'!$X$60*'Fiscal Terms_PIA'!$W$60+(Q32-'Fiscal Terms_PIA'!$W$60)*'Fiscal Terms_PIA'!$X$61)/Q32,IF(AND(Q32>'Fiscal Terms_PIA'!$W$61,Q32<='Fiscal Terms_PIA'!$W$62),('Fiscal Terms_PIA'!$X$60*'Fiscal Terms_PIA'!$W$60+'Fiscal Terms_PIA'!$X$61*('Fiscal Terms_PIA'!$W$61-'Fiscal Terms_PIA'!$W$60)+'Fiscal Terms_PIA'!$X$62*(Q32-'Fiscal Terms_PIA'!$W$61))/Q32,IF(AND(Q32>'Fiscal Terms_PIA'!$W$62,Q32<='Fiscal Terms_PIA'!$W$63),('Fiscal Terms_PIA'!$X$60*'Fiscal Terms_PIA'!$W$60+'Fiscal Terms_PIA'!$X$61*('Fiscal Terms_PIA'!$W$61-'Fiscal Terms_PIA'!$W$60)+'Fiscal Terms_PIA'!$X$62*('Fiscal Terms_PIA'!$W$62-'Fiscal Terms_PIA'!$W$61)+'Fiscal Terms_PIA'!$X$63*(Q32-'Fiscal Terms_PIA'!$W$62))/Q32,IF(AND(Q32>'Fiscal Terms_PIA'!$W$63,Q32<='Fiscal Terms_PIA'!$W$64),('Fiscal Terms_PIA'!$X$60*'Fiscal Terms_PIA'!$W$60+'Fiscal Terms_PIA'!$X$61*('Fiscal Terms_PIA'!$W$61-'Fiscal Terms_PIA'!$W$60)+'Fiscal Terms_PIA'!$X$62*('Fiscal Terms_PIA'!$W$62-'Fiscal Terms_PIA'!$W$61)+'Fiscal Terms_PIA'!$X$63*('Fiscal Terms_PIA'!$W$63-'Fiscal Terms_PIA'!$W$62)+'Fiscal Terms_PIA'!$X$64*(Q32-'Fiscal Terms_PIA'!$W$63))/Q32,'Fiscal Terms_PIA'!$X$65))))))",,,0.00%,'Fiscal Terms_PIA'!$W$60 | 'Fiscal Terms_PIA'!$W$61 | 'Fiscal Terms_PIA'!$W$62 | 'Fiscal Terms_PIA'!$W$63 | 'Fiscal Terms_PIA'!$W$64 | 'Fiscal Terms_PIA'!$X$60 | 'Fiscal Terms_PIA'!$X$61 | 'Fiscal Terms_PIA'!$X$62 | 'Fiscal Terms_PIA'!$X$63 | 'Fiscal Terms_PIA'!$X$64 | 'Fiscal Terms_PIA'!$X$65 | Q32 | W$60 | W$61 | W$62 | W$63 | W$64 | X$60 | X$61 | X$62 | X$63 | X$64 | X$65,23,Results / Dashboard,f,NO_CACHED_VALUE,Formula present but data_only cache empty; full Excel recalc may be required for expected value.
CR Econ,visible,S32,32,19,formula,"=IF(Q32=0,"""",100%-R32)",,,0.00%,Q32 | R32,2,Results / Dashboard,f,NO_CACHED_VALUE,Formula present but data_only cache empty; full Excel recalc may be required for expected value.
CR Econ,visible,R33,33,18,formula,"=IF(Q33=0,"""",IF(Q33<='Fiscal Terms_PIA'!$W$60,'Fiscal Terms_PIA'!$X$60,IF(AND(Q33>'Fiscal Terms_PIA'!$W$60,Q33<='Fiscal Terms_PIA'!$W$61),('Fiscal Terms_PIA'!$X$60*'Fiscal Terms_PIA'!$W$60+(Q33-'Fiscal Terms_PIA'!$W$60)*'Fiscal Terms_PIA'!$X$61)/Q33,IF(AND(Q33>'Fiscal Terms_PIA'!$W$61,Q33<='Fiscal Terms_PIA'!$W$62),('Fiscal Terms_PIA'!$X$60*'Fiscal Terms_PIA'!$W$60+'Fiscal Terms_PIA'!$X$61*('Fiscal Terms_PIA'!$W$61-'Fiscal Terms_PIA'!$W$60)+'Fiscal Terms_PIA'!$X$62*(Q33-'Fiscal Terms_PIA'!$W$61))/Q33,IF(AND(Q33>'Fiscal Terms_PIA'!$W$62,Q33<='Fiscal Terms_PIA'!$W$63),('Fiscal Terms_PIA'!$X$60*'Fiscal Terms_PIA'!$W$60+'Fiscal Terms_PIA'!$X$61*('Fiscal Terms_PIA'!$W$61-'Fiscal Terms_PIA'!$W$60)+'Fiscal Terms_PIA'!$X$62*('Fiscal Terms_PIA'!$W$62-'Fiscal Terms_PIA'!$W$61)+'Fiscal Terms_PIA'!$X$63*(Q33-'Fiscal Terms_PIA'!$W$62))/Q33,IF(AND(Q33>'Fiscal Terms_PIA'!$W$63,Q33<='Fiscal Terms_PIA'!$W$64),('Fiscal Terms_PIA'!$X$60*'Fiscal Terms_PIA'!$W$60+'Fiscal Terms_PIA'!$X$61*('Fiscal Terms_PIA'!$W$61-'Fiscal Terms_PIA'!$W$60)+'Fiscal Terms_PIA'!$X$62*('Fiscal Terms_PIA'!$W$62-'Fiscal Terms_PIA'!$W$61)+'Fiscal Terms_PIA'!$X$63*('Fiscal Terms_PIA'!$W$63-'Fiscal Terms_PIA'!$W$62)+'Fiscal Terms_PIA'!$X$64*(Q33-'Fiscal Terms_PIA'!$W$63))/Q33,'Fiscal Terms_PIA'!$X$65))))))",,,0.00%,'Fiscal Terms_PIA'!$W$60 | 'Fiscal Terms_PIA'!$W$61 | 'Fiscal Terms_PIA'!$W$62 | 'Fiscal Terms_PIA'!$W$63 | 'Fiscal Terms_PIA'!$W$64 | 'Fiscal Terms_PIA'!$X$60 | 'Fiscal Terms_PIA'!$X$61 | 'Fiscal Terms_PIA'!$X$62 | 'Fiscal Terms_PIA'!$X$63 | 'Fiscal Terms_PIA'!$X$64 | 'Fiscal Terms_PIA'!$X$65 | Q33 | W$60 | W$61 | W$62 | W$63 | W$64 | X$60 | X$61 | X$62 | X$63 | X$64 | X$65,23,Results / Dashboard,f,NO_CACHED_VALUE,Formula present but data_only cache empty; full Excel recalc may be required for expected value.
CR Econ,visible,S33,33,19,formula,"=IF(Q33=0,"""",100%-R33)",,,0.00%,Q33 | R33,2,Results / Dashboard,f,NO_CACHED_VALUE,Formula present but data_only cache empty; full Excel recalc may be required for expected value.
CR Econ,visible,R34,34,18,formula,"=IF(Q34=0,"""",IF(Q34<='Fiscal Terms_PIA'!$W$60,'Fiscal Terms_PIA'!$X$60,IF(AND(Q34>'Fiscal Terms_PIA'!$W$60,Q34<='Fiscal Terms_PIA'!$W$61),('Fiscal Terms_PIA'!$X$60*'Fiscal Terms_PIA'!$W$60+(Q34-'Fiscal Terms_PIA'!$W$60)*'Fiscal Terms_PIA'!$X$61)/Q34,IF(AND(Q34>'Fiscal Terms_PIA'!$W$61,Q34<='Fiscal Terms_PIA'!$W$62),('Fiscal Terms_PIA'!$X$60*'Fiscal Terms_PIA'!$W$60+'Fiscal Terms_PIA'!$X$61*('Fiscal Terms_PIA'!$W$61-'Fiscal Terms_PIA'!$W$60)+'Fiscal Terms_PIA'!$X$62*(Q34-'Fiscal Terms_PIA'!$W$61))/Q34,IF(AND(Q34>'Fiscal Terms_PIA'!$W$62,Q34<='Fiscal Terms_PIA'!$W$63),('Fiscal Terms_PIA'!$X$60*'Fiscal Terms_PIA'!$W$60+'Fiscal Terms_PIA'!$X$61*('Fiscal Terms_PIA'!$W$61-'Fiscal Terms_PIA'!$W$60)+'Fiscal Terms_PIA'!$X$62*('Fiscal Terms_PIA'!$W$62-'Fiscal Terms_PIA'!$W$61)+'Fiscal Terms_PIA'!$X$63*(Q34-'Fiscal Terms_PIA'!$W$62))/Q34,IF(AND(Q34>'Fiscal Terms_PIA'!$W$63,Q34<='Fiscal Terms_PIA'!$W$64),('Fiscal Terms_PIA'!$X$60*'Fiscal Terms_PIA'!$W$60+'Fiscal Terms_PIA'!$X$61*('Fiscal Terms_PIA'!$W$61-'Fiscal Terms_PIA'!$W$60)+'Fiscal Terms_PIA'!$X$62*('Fiscal Terms_PIA'!$W$62-'Fiscal Terms_PIA'!$W$61)+'Fiscal Terms_PIA'!$X$63*('Fiscal Terms_PIA'!$W$63-'Fiscal Terms_PIA'!$W$62)+'Fiscal Terms_PIA'!$X$64*(Q34-'Fiscal Terms_PIA'!$W$63))/Q34,'Fiscal Terms_PIA'!$X$65))))))",,,0.00%,'Fiscal Terms_PIA'!$W$60 | 'Fiscal Terms_PIA'!$W$61 | 'Fiscal Terms_PIA'!$W$62 | 'Fiscal Terms_PIA'!$W$63 | 'Fiscal Terms_PIA'!$W$64 | 'Fiscal Terms_PIA'!$X$60 | 'Fiscal Terms_PIA'!$X$61 | 'Fiscal Terms_PIA'!$X$62 | 'Fiscal Terms_PIA'!$X$63 | 'Fiscal Terms_PIA'!$X$64 | 'Fiscal Terms_PIA'!$X$65 | Q34 | W$60 | W$61 | W$62 | W$63 | W$64 | X$60 | X$61 | X$62 | X$63 | X$64 | X$65,23,Results / Dashboard,f,NO_CACHED_VALUE,Formula present but data_only cache empty; full Excel recalc may be required for expected value.
CR Econ,visible,S34,34,19,formula,"=IF(Q34=0,"""",100%-R34)",,,0.00%,Q34 | R34,2,Results / Dashboard,f,NO_CACHED_VALUE,Formula present but data_only cache empty; full Excel recalc may be required for expected value.
CR Econ,visible,R35,35,18,formula,"=IF(Q35=0,"""",IF(Q35<='Fiscal Terms_PIA'!$W$60,'Fiscal Terms_PIA'!$X$60,IF(AND(Q35>'Fiscal Terms_PIA'!$W$60,Q35<='Fiscal Terms_PIA'!$W$61),('Fiscal Terms_PIA'!$X$60*'Fiscal Terms_PIA'!$W$60+(Q35-'Fiscal Terms_PIA'!$W$60)*'Fiscal Terms_PIA'!$X$61)/Q35,IF(AND(Q35>'Fiscal Terms_PIA'!$W$61,Q35<='Fiscal Terms_PIA'!$W$62),('Fiscal Terms_PIA'!$X$60*'Fiscal Terms_PIA'!$W$60+'Fiscal Terms_PIA'!$X$61*('Fiscal Terms_PIA'!$W$61-'Fiscal Terms_PIA'!$W$60)+'Fiscal Terms_PIA'!$X$62*(Q35-'Fiscal Terms_PIA'!$W$61))/Q35,IF(AND(Q35>'Fiscal Terms_PIA'!$W$62,Q35<='Fiscal Terms_PIA'!$W$63),('Fiscal Terms_PIA'!$X$60*'Fiscal Terms_PIA'!$W$60+'Fiscal Terms_PIA'!$X$61*('Fiscal Terms_PIA'!$W$61-'Fiscal Terms_PIA'!$W$60)+'Fiscal Terms_PIA'!$X$62*('Fiscal Terms_PIA'!$W$62-'Fiscal Terms_PIA'!$W$61)+'Fiscal Terms_PIA'!$X$63*(Q35-'Fiscal Terms_PIA'!$W$62))/Q35,IF(AND(Q35>'Fiscal Terms_PIA'!$W$63,Q35<='Fiscal Terms_PIA'!$W$64),('Fiscal Terms_PIA'!$X$60*'Fiscal Terms_PIA'!$W$60+'Fiscal Terms_PIA'!$X$61*('Fiscal Terms_PIA'!$W$61-'Fiscal Terms_PIA'!$W$60)+'Fiscal Terms_PIA'!$X$62*('Fiscal Terms_PIA'!$W$62-'Fiscal Terms_PIA'!$W$61)+'Fiscal Terms_PIA'!$X$63*('Fiscal Terms_PIA'!$W$63-'Fiscal Terms_PIA'!$W$62)+'Fiscal Terms_PIA'!$X$64*(Q35-'Fiscal Terms_PIA'!$W$63))/Q35,'Fiscal Terms_PIA'!$X$65))))))",,,0.00%,'Fiscal Terms_PIA'!$W$60 | 'Fiscal Terms_PIA'!$W$61 | 'Fiscal Terms_PIA'!$W$62 | 'Fiscal Terms_PIA'!$W$63 | 'Fiscal Terms_PIA'!$W$64 | 'Fiscal Terms_PIA'!$X$60 | 'Fiscal Terms_PIA'!$X$61 | 'Fiscal Terms_PIA'!$X$62 | 'Fiscal Terms_PIA'!$X$63 | 'Fiscal Terms_PIA'!$X$64 | 'Fiscal Terms_PIA'!$X$65 | Q35 | W$60 | W$61 | W$62 | W$63 | W$64 | X$60 | X$61 | X$62 | X$63 | X$64 | X$65,23,Results / Dashboard,f,NO_CACHED_VALUE,Formula present but data_only cache empty; full Excel recalc may be required for expected value.
CR Econ,visible,S35,35,19,formula,"=IF(Q35=0,"""",100%-R35)",,,0.00%,Q35 | R35,2,Results / Dashboard,f,NO_CACHED_VALUE,Formula present but data_only cache empty; full Excel recalc may be required for expected value.
CR Econ,visible,R36,36,18,formula,"=IF(Q36=0,"""",IF(Q36<='Fiscal Terms_PIA'!$W$60,'Fiscal Terms_PIA'!$X$60,IF(AND(Q36>'Fiscal Terms_PIA'!$W$60,Q36<='Fiscal Terms_PIA'!$W$61),('Fiscal Terms_PIA'!$X$60*'Fiscal Terms_PIA'!$W$60+(Q36-'Fiscal Terms_PIA'!$W$60)*'Fiscal Terms_PIA'!$X$61)/Q36,IF(AND(Q36>'Fiscal Terms_PIA'!$W$61,Q36<='Fiscal Terms_PIA'!$W$62),('Fiscal Terms_PIA'!$X$60*'Fiscal Terms_PIA'!$W$60+'Fiscal Terms_PIA'!$X$61*('Fiscal Terms_PIA'!$W$61-'Fiscal Terms_PIA'!$W$60)+'Fiscal Terms_PIA'!$X$62*(Q36-'Fiscal Terms_PIA'!$W$61))/Q36,IF(AND(Q36>'Fiscal Terms_PIA'!$W$62,Q36<='Fiscal Terms_PIA'!$W$63),('Fiscal Terms_PIA'!$X$60*'Fiscal Terms_PIA'!$W$60+'Fiscal Terms_PIA'!$X$61*('Fiscal Terms_PIA'!$W$61-'Fiscal Terms_PIA'!$W$60)+'Fiscal Terms_PIA'!$X$62*('Fiscal Terms_PIA'!$W$62-'Fiscal Terms_PIA'!$W$61)+'Fiscal Terms_PIA'!$X$63*(Q36-'Fiscal Terms_PIA'!$W$62))/Q36,IF(AND(Q36>'Fiscal Terms_PIA'!$W$63,Q36<='Fiscal Terms_PIA'!$W$64),('Fiscal Terms_PIA'!$X$60*'Fiscal Terms_PIA'!$W$60+'Fiscal Terms_PIA'!$X$61*('Fiscal Terms_PIA'!$W$61-'Fiscal Terms_PIA'!$W$60)+'Fiscal Terms_PIA'!$X$62*('Fiscal Terms_PIA'!$W$62-'Fiscal Terms_PIA'!$W$61)+'Fiscal Terms_PIA'!$X$63*('Fiscal Terms_PIA'!$W$63-'Fiscal Terms_PIA'!$W$62)+'Fiscal Terms_PIA'!$X$64*(Q36-'Fiscal Terms_PIA'!$W$63))/Q36,'Fiscal Terms_PIA'!$X$65))))))",,,0.00%,'Fiscal Terms_PIA'!$W$60 | 'Fiscal Terms_PIA'!$W$61 | 'Fiscal Terms_PIA'!$W$62 | 'Fiscal Terms_PIA'!$W$63 | 'Fiscal Terms_PIA'!$W$64 | 'Fiscal Terms_PIA'!$X$60 | 'Fiscal Terms_PIA'!$X$61 | 'Fiscal Terms_PIA'!$X$62 | 'Fiscal Terms_PIA'!$X$63 | 'Fiscal Terms_PIA'!$X$64 | 'Fiscal Terms_PIA'!$X$65 | Q36 | W$60 | W$61 | W$62 | W$63 | W$64 | X$60 | X$61 | X$62 | X$63 | X$64 | X$65,23,Results / Dashboard,f,NO_CACHED_VALUE,Formula present but data_only cache empty; full Excel recalc may be required for expected value.
CR Econ,visible,S36,36,19,formula,"=IF(Q36=0,"""",100%-R36)",,,0.00%,Q36 | R36,2,Results / Dashboard,f,NO_CACHED_VALUE,Formula present but data_only cache empty; full Excel recalc may be required for expected value.
CR Econ,visible,R37,37,18,formula,"=IF(Q37=0,"""",IF(Q37<='Fiscal Terms_PIA'!$W$60,'Fiscal Terms_PIA'!$X$60,IF(AND(Q37>'Fiscal Terms_PIA'!$W$60,Q37<='Fiscal Terms_PIA'!$W$61),('Fiscal Terms_PIA'!$X$60*'Fiscal Terms_PIA'!$W$60+(Q37-'Fiscal Terms_PIA'!$W$60)*'Fiscal Terms_PIA'!$X$61)/Q37,IF(AND(Q37>'Fiscal Terms_PIA'!$W$61,Q37<='Fiscal Terms_PIA'!$W$62),('Fiscal Terms_PIA'!$X$60*'Fiscal Terms_PIA'!$W$60+'Fiscal Terms_PIA'!$X$61*('Fiscal Terms_PIA'!$W$61-'Fiscal Terms_PIA'!$W$60)+'Fiscal Terms_PIA'!$X$62*(Q37-'Fiscal Terms_PIA'!$W$61))/Q37,IF(AND(Q37>'Fiscal Terms_PIA'!$W$62,Q37<='Fiscal Terms_PIA'!$W$63),('Fiscal Terms_PIA'!$X$60*'Fiscal Terms_PIA'!$W$60+'Fiscal Terms_PIA'!$X$61*('Fiscal Terms_PIA'!$W$61-'Fiscal Terms_PIA'!$W$60)+'Fiscal Terms_PIA'!$X$62*('Fiscal Terms_PIA'!$W$62-'Fiscal Terms_PIA'!$W$61)+'Fiscal Terms_PIA'!$X$63*(Q37-'Fiscal Terms_PIA'!$W$62))/Q37,IF(AND(Q37>'Fiscal Terms_PIA'!$W$63,Q37<='Fiscal Terms_PIA'!$W$64),('Fiscal Terms_PIA'!$X$60*'Fiscal Terms_PIA'!$W$60+'Fiscal Terms_PIA'!$X$61*('Fiscal Terms_PIA'!$W$61-'Fiscal Terms_PIA'!$W$60)+'Fiscal Terms_PIA'!$X$62*('Fiscal Terms_PIA'!$W$62-'Fiscal Terms_PIA'!$W$61)+'Fiscal Terms_PIA'!$X$63*('Fiscal Terms_PIA'!$W$63-'Fiscal Terms_PIA'!$W$62)+'Fiscal Terms_PIA'!$X$64*(Q37-'Fiscal Terms_PIA'!$W$63))/Q37,'Fiscal Terms_PIA'!$X$65))))))",,,0.00%,'Fiscal Terms_PIA'!$W$60 | 'Fiscal Terms_PIA'!$W$61 | 'Fiscal Terms_PIA'!$W$62 | 'Fiscal Terms_PIA'!$W$63 | 'Fiscal Terms_PIA'!$W$64 | 'Fiscal Terms_PIA'!$X$60 | 'Fiscal Terms_PIA'!$X$61 | 'Fiscal Terms_PIA'!$X$62 | 'Fiscal Terms_PIA'!$X$63 | 'Fiscal Terms_PIA'!$X$64 | 'Fiscal Terms_PIA'!$X$65 | Q37 | W$60 | W$61 | W$62 | W$63 | W$64 | X$60 | X$61 | X$62 | X$63 | X$64 | X$65,23,Results / Dashboard,f,NO_CACHED_VALUE,Formula present but data_only cache empty; full Excel recalc may be required for expected value.
CR Econ,visible,S37,37,19,formula,"=IF(Q37=0,"""",100%-R37)",,,0.00%,Q37 | R37,2,Results / Dashboard,f,NO_CACHED_VALUE,Formula present but data_only cache empty; full Excel recalc may be required for expected value.
CR Econ,visible,R38,38,18,formula,"=IF(Q38=0,"""",IF(Q38<='Fiscal Terms_PIA'!$W$60,'Fiscal Terms_PIA'!$X$60,IF(AND(Q38>'Fiscal Terms_PIA'!$W$60,Q38<='Fiscal Terms_PIA'!$W$61),('Fiscal Terms_PIA'!$X$60*'Fiscal Terms_PIA'!$W$60+(Q38-'Fiscal Terms_PIA'!$W$60)*'Fiscal Terms_PIA'!$X$61)/Q38,IF(AND(Q38>'Fiscal Terms_PIA'!$W$61,Q38<='Fiscal Terms_PIA'!$W$62),('Fiscal Terms_PIA'!$X$60*'Fiscal Terms_PIA'!$W$60+'Fiscal Terms_PIA'!$X$61*('Fiscal Terms_PIA'!$W$61-'Fiscal Terms_PIA'!$W$60)+'Fiscal Terms_PIA'!$X$62*(Q38-'Fiscal Terms_PIA'!$W$61))/Q38,IF(AND(Q38>'Fiscal Terms_PIA'!$W$62,Q38<='Fiscal Terms_PIA'!$W$63),('Fiscal Terms_PIA'!$X$60*'Fiscal Terms_PIA'!$W$60+'Fiscal Terms_PIA'!$X$61*('Fiscal Terms_PIA'!$W$61-'Fiscal Terms_PIA'!$W$60)+'Fiscal Terms_PIA'!$X$62*('Fiscal Terms_PIA'!$W$62-'Fiscal Terms_PIA'!$W$61)+'Fiscal Terms_PIA'!$X$63*(Q38-'Fiscal Terms_PIA'!$W$62))/Q38,IF(AND(Q38>'Fiscal Terms_PIA'!$W$63,Q38<='Fiscal Terms_PIA'!$W$64),('Fiscal Terms_PIA'!$X$60*'Fiscal Terms_PIA'!$W$60+'Fiscal Terms_PIA'!$X$61*('Fiscal Terms_PIA'!$W$61-'Fiscal Terms_PIA'!$W$60)+'Fiscal Terms_PIA'!$X$62*('Fiscal Terms_PIA'!$W$62-'Fiscal Terms_PIA'!$W$61)+'Fiscal Terms_PIA'!$X$63*('Fiscal Terms_PIA'!$W$63-'Fiscal Terms_PIA'!$W$62)+'Fiscal Terms_PIA'!$X$64*(Q38-'Fiscal Terms_PIA'!$W$63))/Q38,'Fiscal Terms_PIA'!$X$65))))))",,,0.00%,'Fiscal Terms_PIA'!$W$60 | 'Fiscal Terms_PIA'!$W$61 | 'Fiscal Terms_PIA'!$W$62 | 'Fiscal Terms_PIA'!$W$63 | 'Fiscal Terms_PIA'!$W$64 | 'Fiscal Terms_PIA'!$X$60 | 'Fiscal Terms_PIA'!$X$61 | 'Fiscal Terms_PIA'!$X$62 | 'Fiscal Terms_PIA'!$X$63 | 'Fiscal Terms_PIA'!$X$64 | 'Fiscal Terms_PIA'!$X$65 | Q38 | W$60 | W$61 | W$62 | W$63 | W$64 | X$60 | X$61 | X$62 | X$63 | X$64 | X$65,23,Results / Dashboard,f,NO_CACHED_VALUE,Formula present but data_only cache empty; full Excel recalc may be required for expected value.
CR Econ,visible,S38,38,19,formula,"=IF(Q38=0,"""",100%-R38)",,,0.00%,Q38 | R38,2,Results / Dashboard,f,NO_CACHED_VALUE,Formula present but data_only cache empty; full Excel recalc may be required for expected value.
CR Econ,visible,R39,39,18,formula,"=IF(Q39=0,"""",IF(Q39<='Fiscal Terms_PIA'!$W$60,'Fiscal Terms_PIA'!$X$60,IF(AND(Q39>'Fiscal Terms_PIA'!$W$60,Q39<='Fiscal Terms_PIA'!$W$61),('Fiscal Terms_PIA'!$X$60*'Fiscal Terms_PIA'!$W$60+(Q39-'Fiscal Terms_PIA'!$W$60)*'Fiscal Terms_PIA'!$X$61)/Q39,IF(AND(Q39>'Fiscal Terms_PIA'!$W$61,Q39<='Fiscal Terms_PIA'!$W$62),('Fiscal Terms_PIA'!$X$60*'Fiscal Terms_PIA'!$W$60+'Fiscal Terms_PIA'!$X$61*('Fiscal Terms_PIA'!$W$61-'Fiscal Terms_PIA'!$W$60)+'Fiscal Terms_PIA'!$X$62*(Q39-'Fiscal Terms_PIA'!$W$61))/Q39,IF(AND(Q39>'Fiscal Terms_PIA'!$W$62,Q39<='Fiscal Terms_PIA'!$W$63),('Fiscal Terms_PIA'!$X$60*'Fiscal Terms_PIA'!$W$60+'Fiscal Terms_PIA'!$X$61*('Fiscal Terms_PIA'!$W$61-'Fiscal Terms_PIA'!$W$60)+'Fiscal Terms_PIA'!$X$62*('Fiscal Terms_PIA'!$W$62-'Fiscal Terms_PIA'!$W$61)+'Fiscal Terms_PIA'!$X$63*(Q39-'Fiscal Terms_PIA'!$W$62))/Q39,IF(AND(Q39>'Fiscal Terms_PIA'!$W$63,Q39<='Fiscal Terms_PIA'!$W$64),('Fiscal Terms_PIA'!$X$60*'Fiscal Terms_PIA'!$W$60+'Fiscal Terms_PIA'!$X$61*('Fiscal Terms_PIA'!$W$61-'Fiscal Terms_PIA'!$W$60)+'Fiscal Terms_PIA'!$X$62*('Fiscal Terms_PIA'!$W$62-'Fiscal Terms_PIA'!$W$61)+'Fiscal Terms_PIA'!$X$63*('Fiscal Terms_PIA'!$W$63-'Fiscal Terms_PIA'!$W$62)+'Fiscal Terms_PIA'!$X$64*(Q39-'Fiscal Terms_PIA'!$W$63))/Q39,'Fiscal Terms_PIA'!$X$65))))))",,,0.00%,'Fiscal Terms_PIA'!$W$60 | 'Fiscal Terms_PIA'!$W$61 | 'Fiscal Terms_PIA'!$W$62 | 'Fiscal Terms_PIA'!$W$63 | 'Fiscal Terms_PIA'!$W$64 | 'Fiscal Terms_PIA'!$X$60 | 'Fiscal Terms_PIA'!$X$61 | 'Fiscal Terms_PIA'!$X$62 | 'Fiscal Terms_PIA'!$X$63 | 'Fiscal Terms_PIA'!$X$64 | 'Fiscal Terms_PIA'!$X$65 | Q39 | W$60 | W$61 | W$62 | W$63 | W$64 | X$60 | X$61 | X$62 | X$63 | X$64 | X$65,23,Results / Dashboard,f,NO_CACHED_VALUE,Formula present but data_only cache empty; full Excel recalc may be required for expected value.
CR Econ,visible,S39,39,19,formula,"=IF(Q39=0,"""",100%-R39)",,,0.00%,Q39 | R39,2,Results / Dashboard,f,NO_CACHED_VALUE,Formula present but data_only cache empty; full Excel recalc may be required for expected value.
CR Econ,visible,R40,40,18,formula,"=IF(Q40=0,"""",IF(Q40<='Fiscal Terms_PIA'!$W$60,'Fiscal Terms_PIA'!$X$60,IF(AND(Q40>'Fiscal Terms_PIA'!$W$60,Q40<='Fiscal Terms_PIA'!$W$61),('Fiscal Terms_PIA'!$X$60*'Fiscal Terms_PIA'!$W$60+(Q40-'Fiscal Terms_PIA'!$W$60)*'Fiscal Terms_PIA'!$X$61)/Q40,IF(AND(Q40>'Fiscal Terms_PIA'!$W$61,Q40<='Fiscal Terms_PIA'!$W$62),('Fiscal Terms_PIA'!$X$60*'Fiscal Terms_PIA'!$W$60+'Fiscal Terms_PIA'!$X$61*('Fiscal Terms_PIA'!$W$61-'Fiscal Terms_PIA'!$W$60)+'Fiscal Terms_PIA'!$X$62*(Q40-'Fiscal Terms_PIA'!$W$61))/Q40,IF(AND(Q40>'Fiscal Terms_PIA'!$W$62,Q40<='Fiscal Terms_PIA'!$W$63),('Fiscal Terms_PIA'!$X$60*'Fiscal Terms_PIA'!$W$60+'Fiscal Terms_PIA'!$X$61*('Fiscal Terms_PIA'!$W$61-'Fiscal Terms_PIA'!$W$60)+'Fiscal Terms_PIA'!$X$62*('Fiscal Terms_PIA'!$W$62-'Fiscal Terms_PIA'!$W$61)+'Fiscal Terms_PIA'!$X$63*(Q40-'Fiscal Terms_PIA'!$W$62))/Q40,IF(AND(Q40>'Fiscal Terms_PIA'!$W$63,Q40<='Fiscal Terms_PIA'!$W$64),('Fiscal Terms_PIA'!$X$60*'Fiscal Terms_PIA'!$W$60+'Fiscal Terms_PIA'!$X$61*('Fiscal Terms_PIA'!$W$61-'Fiscal Terms_PIA'!$W$60)+'Fiscal Terms_PIA'!$X$62*('Fiscal Terms_PIA'!$W$62-'Fiscal Terms_PIA'!$W$61)+'Fiscal Terms_PIA'!$X$63*('Fiscal Terms_PIA'!$W$63-'Fiscal Terms_PIA'!$W$62)+'Fiscal Terms_PIA'!$X$64*(Q40-'Fiscal Terms_PIA'!$W$63))/Q40,'Fiscal Terms_PIA'!$X$65))))))",,,0.00%,'Fiscal Terms_PIA'!$W$60 | 'Fiscal Terms_PIA'!$W$61 | 'Fiscal Terms_PIA'!$W$62 | 'Fiscal Terms_PIA'!$W$63 | 'Fiscal Terms_PIA'!$W$64 | 'Fiscal Terms_PIA'!$X$60 | 'Fiscal Terms_PIA'!$X$61 | 'Fiscal Terms_PIA'!$X$62 | 'Fiscal Terms_PIA'!$X$63 | 'Fiscal Terms_PIA'!$X$64 | 'Fiscal Terms_PIA'!$X$65 | Q40 | W$60 | W$61 | W$62 | W$63 | W$64 | X$60 | X$61 | X$62 | X$63 | X$64 | X$65,23,Results / Dashboard,f,NO_CACHED_VALUE,Formula present but data_only cache empty; full Excel recalc may be required for expected value.
CR Econ,visible,S40,40,19,formula,"=IF(Q40=0,"""",100%-R40)",,,0.00%,Q40 | R40,2,Results / Dashboard,f,NO_CACHED_VALUE,Formula present but data_only cache empty; full Excel recalc may be required for expected value.
CR Econ,visible,R41,41,18,formula,"=IF(Q41=0,"""",IF(Q41<='Fiscal Terms_PIA'!$W$60,'Fiscal Terms_PIA'!$X$60,IF(AND(Q41>'Fiscal Terms_PIA'!$W$60,Q41<='Fiscal Terms_PIA'!$W$61),('Fiscal Terms_PIA'!$X$60*'Fiscal Terms_PIA'!$W$60+(Q41-'Fiscal Terms_PIA'!$W$60)*'Fiscal Terms_PIA'!$X$61)/Q41,IF(AND(Q41>'Fiscal Terms_PIA'!$W$61,Q41<='Fiscal Terms_PIA'!$W$62),('Fiscal Terms_PIA'!$X$60*'Fiscal Terms_PIA'!$W$60+'Fiscal Terms_PIA'!$X$61*('Fiscal Terms_PIA'!$W$61-'Fiscal Terms_PIA'!$W$60)+'Fiscal Terms_PIA'!$X$62*(Q41-'Fiscal Terms_PIA'!$W$61))/Q41,IF(AND(Q41>'Fiscal Terms_PIA'!$W$62,Q41<='Fiscal Terms_PIA'!$W$63),('Fiscal Terms_PIA'!$X$60*'Fiscal Terms_PIA'!$W$60+'Fiscal Terms_PIA'!$X$61*('Fiscal Terms_PIA'!$W$61-'Fiscal Terms_PIA'!$W$60)+'Fiscal Terms_PIA'!$X$62*('Fiscal Terms_PIA'!$W$62-'Fiscal Terms_PIA'!$W$61)+'Fiscal Terms_PIA'!$X$63*(Q41-'Fiscal Terms_PIA'!$W$62))/Q41,IF(AND(Q41>'Fiscal Terms_PIA'!$W$63,Q41<='Fiscal Terms_PIA'!$W$64),('Fiscal Terms_PIA'!$X$60*'Fiscal Terms_PIA'!$W$60+'Fiscal Terms_PIA'!$X$61*('Fiscal Terms_PIA'!$W$61-'Fiscal Terms_PIA'!$W$60)+'Fiscal Terms_PIA'!$X$62*('Fiscal Terms_PIA'!$W$62-'Fiscal Terms_PIA'!$W$61)+'Fiscal Terms_PIA'!$X$63*('Fiscal Terms_PIA'!$W$63-'Fiscal Terms_PIA'!$W$62)+'Fiscal Terms_PIA'!$X$64*(Q41-'Fiscal Terms_PIA'!$W$63))/Q41,'Fiscal Terms_PIA'!$X$65))))))",,,0.00%,'Fiscal Terms_PIA'!$W$60 | 'Fiscal Terms_PIA'!$W$61 | 'Fiscal Terms_PIA'!$W$62 | 'Fiscal Terms_PIA'!$W$63 | 'Fiscal Terms_PIA'!$W$64 | 'Fiscal Terms_PIA'!$X$60 | 'Fiscal Terms_PIA'!$X$61 | 'Fiscal Terms_PIA'!$X$62 | 'Fiscal Terms_PIA'!$X$63 | 'Fiscal Terms_PIA'!$X$64 | 'Fiscal Terms_PIA'!$X$65 | Q41 | W$60 | W$61 | W$62 | W$63 | W$64 | X$60 | X$61 | X$62 | X$63 | X$64 | X$65,23,Results / Dashboard,f,NO_CACHED_VALUE,Formula present but data_only cache empty; full Excel recalc may be required for expected value.
CR Econ,visible,S41,41,19,formula,"=IF(Q41=0,"""",100%-R41)",,,0.00%,Q41 | R41,2,Results / Dashboard,f,NO_CACHED_VALUE,Formula present but data_only cache empty; full Excel recalc may be required for expected value.
CR Econ,visible,R42,42,18,formula,"=IF(Q42=0,"""",IF(Q42<='Fiscal Terms_PIA'!$W$60,'Fiscal Terms_PIA'!$X$60,IF(AND(Q42>'Fiscal Terms_PIA'!$W$60,Q42<='Fiscal Terms_PIA'!$W$61),('Fiscal Terms_PIA'!$X$60*'Fiscal Terms_PIA'!$W$60+(Q42-'Fiscal Terms_PIA'!$W$60)*'Fiscal Terms_PIA'!$X$61)/Q42,IF(AND(Q42>'Fiscal Terms_PIA'!$W$61,Q42<='Fiscal Terms_PIA'!$W$62),('Fiscal Terms_PIA'!$X$60*'Fiscal Terms_PIA'!$W$60+'Fiscal Terms_PIA'!$X$61*('Fiscal Terms_PIA'!$W$61-'Fiscal Terms_PIA'!$W$60)+'Fiscal Terms_PIA'!$X$62*(Q42-'Fiscal Terms_PIA'!$W$61))/Q42,IF(AND(Q42>'Fiscal Terms_PIA'!$W$62,Q42<='Fiscal Terms_PIA'!$W$63),('Fiscal Terms_PIA'!$X$60*'Fiscal Terms_PIA'!$W$60+'Fiscal Terms_PIA'!$X$61*('Fiscal Terms_PIA'!$W$61-'Fiscal Terms_PIA'!$W$60)+'Fiscal Terms_PIA'!$X$62*('Fiscal Terms_PIA'!$W$62-'Fiscal Terms_PIA'!$W$61)+'Fiscal Terms_PIA'!$X$63*(Q42-'Fiscal Terms_PIA'!$W$62))/Q42,IF(AND(Q42>'Fiscal Terms_PIA'!$W$63,Q42<='Fiscal Terms_PIA'!$W$64),('Fiscal Terms_PIA'!$X$60*'Fiscal Terms_PIA'!$W$60+'Fiscal Terms_PIA'!$X$61*('Fiscal Terms_PIA'!$W$61-'Fiscal Terms_PIA'!$W$60)+'Fiscal Terms_PIA'!$X$62*('Fiscal Terms_PIA'!$W$62-'Fiscal Terms_PIA'!$W$61)+'Fiscal Terms_PIA'!$X$63*('Fiscal Terms_PIA'!$W$63-'Fiscal Terms_PIA'!$W$62)+'Fiscal Terms_PIA'!$X$64*(Q42-'Fiscal Terms_PIA'!$W$63))/Q42,'Fiscal Terms_PIA'!$X$65))))))",,,0.00%,'Fiscal Terms_PIA'!$W$60 | 'Fiscal Terms_PIA'!$W$61 | 'Fiscal Terms_PIA'!$W$62 | 'Fiscal Terms_PIA'!$W$63 | 'Fiscal Terms_PIA'!$W$64 | 'Fiscal Terms_PIA'!$X$60 | 'Fiscal Terms_PIA'!$X$61 | 'Fiscal Terms_PIA'!$X$62 | 'Fiscal Terms_PIA'!$X$63 | 'Fiscal Terms_PIA'!$X$64 | 'Fiscal Terms_PIA'!$X$65 | Q42 | W$60 | W$61 | W$62 | W$63 | W$64 | X$60 | X$61 | X$62 | X$63 | X$64 | X$65,23,Results / Dashboard,f,NO_CACHED_VALUE,Formula present but data_only cache empty; full Excel recalc may be required for expected value.
CR Econ,visible,S42,42,19,formula,"=IF(Q42=0,"""",100%-R42)",,,0.00%,Q42 | R42,2,Results / Dashboard,f,NO_CACHED_VALUE,Formula present but data_only cache empty; full Excel recalc may be required for expected value.
CR Econ,visible,R43,43,18,formula,"=IF(Q43=0,"""",IF(Q43<='Fiscal Terms_PIA'!$W$60,'Fiscal Terms_PIA'!$X$60,IF(AND(Q43>'Fiscal Terms_PIA'!$W$60,Q43<='Fiscal Terms_PIA'!$W$61),('Fiscal Terms_PIA'!$X$60*'Fiscal Terms_PIA'!$W$60+(Q43-'Fiscal Terms_PIA'!$W$60)*'Fiscal Terms_PIA'!$X$61)/Q43,IF(AND(Q43>'Fiscal Terms_PIA'!$W$61,Q43<='Fiscal Terms_PIA'!$W$62),('Fiscal Terms_PIA'!$X$60*'Fiscal Terms_PIA'!$W$60+'Fiscal Terms_PIA'!$X$61*('Fiscal Terms_PIA'!$W$61-'Fiscal Terms_PIA'!$W$60)+'Fiscal Terms_PIA'!$X$62*(Q43-'Fiscal Terms_PIA'!$W$61))/Q43,IF(AND(Q43>'Fiscal Terms_PIA'!$W$62,Q43<='Fiscal Terms_PIA'!$W$63),('Fiscal Terms_PIA'!$X$60*'Fiscal Terms_PIA'!$W$60+'Fiscal Terms_PIA'!$X$61*('Fiscal Terms_PIA'!$W$61-'Fiscal Terms_PIA'!$W$60)+'Fiscal Terms_PIA'!$X$62*('Fiscal Terms_PIA'!$W$62-'Fiscal Terms_PIA'!$W$61)+'Fiscal Terms_PIA'!$X$63*(Q43-'Fiscal Terms_PIA'!$W$62))/Q43,IF(AND(Q43>'Fiscal Terms_PIA'!$W$63,Q43<='Fiscal Terms_PIA'!$W$64),('Fiscal Terms_PIA'!$X$60*'Fiscal Terms_PIA'!$W$60+'Fiscal Terms_PIA'!$X$61*('Fiscal Terms_PIA'!$W$61-'Fiscal Terms_PIA'!$W$60)+'Fiscal Terms_PIA'!$X$62*('Fiscal Terms_PIA'!$W$62-'Fiscal Terms_PIA'!$W$61)+'Fiscal Terms_PIA'!$X$63*('Fiscal Terms_PIA'!$W$63-'Fiscal Terms_PIA'!$W$62)+'Fiscal Terms_PIA'!$X$64*(Q43-'Fiscal Terms_PIA'!$W$63))/Q43,'Fiscal Terms_PIA'!$X$65))))))",,,0.00%,'Fiscal Terms_PIA'!$W$60 | 'Fiscal Terms_PIA'!$W$61 | 'Fiscal Terms_PIA'!$W$62 | 'Fiscal Terms_PIA'!$W$63 | 'Fiscal Terms_PIA'!$W$64 | 'Fiscal Terms_PIA'!$X$60 | 'Fiscal Terms_PIA'!$X$61 | 'Fiscal Terms_PIA'!$X$62 | 'Fiscal Terms_PIA'!$X$63 | 'Fiscal Terms_PIA'!$X$64 | 'Fiscal Terms_PIA'!$X$65 | Q43 | W$60 | W$61 | W$62 | W$63 | W$64 | X$60 | X$61 | X$62 | X$63 | X$64 | X$65,23,Results / Dashboard,f,NO_CACHED_VALUE,Formula present but data_only cache empty; full Excel recalc may be required for expected value.
CR Econ,visible,S43,43,19,formula,"=IF(Q43=0,"""",100%-R43)",,,0.00%,Q43 | R43,2,Results / Dashboard,f,NO_CACHED_VALUE,Formula present but data_only cache empty; full Excel recalc may be required for expected value.
CR Econ,visible,R44,44,18,formula,"=IF(Q44=0,"""",IF(Q44<='Fiscal Terms_PIA'!$W$60,'Fiscal Terms_PIA'!$X$60,IF(AND(Q44>'Fiscal Terms_PIA'!$W$60,Q44<='Fiscal Terms_PIA'!$W$61),('Fiscal Terms_PIA'!$X$60*'Fiscal Terms_PIA'!$W$60+(Q44-'Fiscal Terms_PIA'!$W$60)*'Fiscal Terms_PIA'!$X$61)/Q44,IF(AND(Q44>'Fiscal Terms_PIA'!$W$61,Q44<='Fiscal Terms_PIA'!$W$62),('Fiscal Terms_PIA'!$X$60*'Fiscal Terms_PIA'!$W$60+'Fiscal Terms_PIA'!$X$61*('Fiscal Terms_PIA'!$W$61-'Fiscal Terms_PIA'!$W$60)+'Fiscal Terms_PIA'!$X$62*(Q44-'Fiscal Terms_PIA'!$W$61))/Q44,IF(AND(Q44>'Fiscal Terms_PIA'!$W$62,Q44<='Fiscal Terms_PIA'!$W$63),('Fiscal Terms_PIA'!$X$60*'Fiscal Terms_PIA'!$W$60+'Fiscal Terms_PIA'!$X$61*('Fiscal Terms_PIA'!$W$61-'Fiscal Terms_PIA'!$W$60)+'Fiscal Terms_PIA'!$X$62*('Fiscal Terms_PIA'!$W$62-'Fiscal Terms_PIA'!$W$61)+'Fiscal Terms_PIA'!$X$63*(Q44-'Fiscal Terms_PIA'!$W$62))/Q44,IF(AND(Q44>'Fiscal Terms_PIA'!$W$63,Q44<='Fiscal Terms_PIA'!$W$64),('Fiscal Terms_PIA'!$X$60*'Fiscal Terms_PIA'!$W$60+'Fiscal Terms_PIA'!$X$61*('Fiscal Terms_PIA'!$W$61-'Fiscal Terms_PIA'!$W$60)+'Fiscal Terms_PIA'!$X$62*('Fiscal Terms_PIA'!$W$62-'Fiscal Terms_PIA'!$W$61)+'Fiscal Terms_PIA'!$X$63*('Fiscal Terms_PIA'!$W$63-'Fiscal Terms_PIA'!$W$62)+'Fiscal Terms_PIA'!$X$64*(Q44-'Fiscal Terms_PIA'!$W$63))/Q44,'Fiscal Terms_PIA'!$X$65))))))",,,0.00%,'Fiscal Terms_PIA'!$W$60 | 'Fiscal Terms_PIA'!$W$61 | 'Fiscal Terms_PIA'!$W$62 | 'Fiscal Terms_PIA'!$W$63 | 'Fiscal Terms_PIA'!$W$64 | 'Fiscal Terms_PIA'!$X$60 | 'Fiscal Terms_PIA'!$X$61 | 'Fiscal Terms_PIA'!$X$62 | 'Fiscal Terms_PIA'!$X$63 | 'Fiscal Terms_PIA'!$X$64 | 'Fiscal Terms_PIA'!$X$65 | Q44 | W$60 | W$61 | W$62 | W$63 | W$64 | X$60 | X$61 | X$62 | X$63 | X$64 | X$65,23,Results / Dashboard,f,NO_CACHED_VALUE,Formula present but data_only cache empty; full Excel recalc may be required for expected value.
CR Econ,visible,S44,44,19,formula,"=IF(Q44=0,"""",100%-R44)",,,0.00%,Q44 | R44,2,Results / Dashboard,f,NO_CACHED_VALUE,Formula present but data_only cache empty; full Excel recalc may be required for expected value.
CR Econ,visible,R45,45,18,formula,"=IF(Q45=0,"""",IF(Q45<='Fiscal Terms_PIA'!$W$60,'Fiscal Terms_PIA'!$X$60,IF(AND(Q45>'Fiscal Terms_PIA'!$W$60,Q45<='Fiscal Terms_PIA'!$W$61),('Fiscal Terms_PIA'!$X$60*'Fiscal Terms_PIA'!$W$60+(Q45-'Fiscal Terms_PIA'!$W$60)*'Fiscal Terms_PIA'!$X$61)/Q45,IF(AND(Q45>'Fiscal Terms_PIA'!$W$61,Q45<='Fiscal Terms_PIA'!$W$62),('Fiscal Terms_PIA'!$X$60*'Fiscal Terms_PIA'!$W$60+'Fiscal Terms_PIA'!$X$61*('Fiscal Terms_PIA'!$W$61-'Fiscal Terms_PIA'!$W$60)+'Fiscal Terms_PIA'!$X$62*(Q45-'Fiscal Terms_PIA'!$W$61))/Q45,IF(AND(Q45>'Fiscal Terms_PIA'!$W$62,Q45<='Fiscal Terms_PIA'!$W$63),('Fiscal Terms_PIA'!$X$60*'Fiscal Terms_PIA'!$W$60+'Fiscal Terms_PIA'!$X$61*('Fiscal Terms_PIA'!$W$61-'Fiscal Terms_PIA'!$W$60)+'Fiscal Terms_PIA'!$X$62*('Fiscal Terms_PIA'!$W$62-'Fiscal Terms_PIA'!$W$61)+'Fiscal Terms_PIA'!$X$63*(Q45-'Fiscal Terms_PIA'!$W$62))/Q45,IF(AND(Q45>'Fiscal Terms_PIA'!$W$63,Q45<='Fiscal Terms_PIA'!$W$64),('Fiscal Terms_PIA'!$X$60*'Fiscal Terms_PIA'!$W$60+'Fiscal Terms_PIA'!$X$61*('Fiscal Terms_PIA'!$W$61-'Fiscal Terms_PIA'!$W$60)+'Fiscal Terms_PIA'!$X$62*('Fiscal Terms_PIA'!$W$62-'Fiscal Terms_PIA'!$W$61)+'Fiscal Terms_PIA'!$X$63*('Fiscal Terms_PIA'!$W$63-'Fiscal Terms_PIA'!$W$62)+'Fiscal Terms_PIA'!$X$64*(Q45-'Fiscal Terms_PIA'!$W$63))/Q45,'Fiscal Terms_PIA'!$X$65))))))",,,0.00%,'Fiscal Terms_PIA'!$W$60 | 'Fiscal Terms_PIA'!$W$61 | 'Fiscal Terms_PIA'!$W$62 | 'Fiscal Terms_PIA'!$W$63 | 'Fiscal Terms_PIA'!$W$64 | 'Fiscal Terms_PIA'!$X$60 | 'Fiscal Terms_PIA'!$X$61 | 'Fiscal Terms_PIA'!$X$62 | 'Fiscal Terms_PIA'!$X$63 | 'Fiscal Terms_PIA'!$X$64 | 'Fiscal Terms_PIA'!$X$65 | Q45 | W$60 | W$61 | W$62 | W$63 | W$64 | X$60 | X$61 | X$62 | X$63 | X$64 | X$65,23,Results / Dashboard,f,NO_CACHED_VALUE,Formula present but data_only cache empty; full Excel recalc may be required for expected value.
CR Econ,visible,S45,45,19,formula,"=IF(Q45=0,"""",100%-R45)",,,0.00%,Q45 | R45,2,Results / Dashboard,f,NO_CACHED_VALUE,Formula present but data_only cache empty; full Excel recalc may be required for expected value.
CR Econ,visible,R46,46,18,formula,"=IF(Q46=0,"""",IF(Q46<='Fiscal Terms_PIA'!$W$60,'Fiscal Terms_PIA'!$X$60,IF(AND(Q46>'Fiscal Terms_PIA'!$W$60,Q46<='Fiscal Terms_PIA'!$W$61),('Fiscal Terms_PIA'!$X$60*'Fiscal Terms_PIA'!$W$60+(Q46-'Fiscal Terms_PIA'!$W$60)*'Fiscal Terms_PIA'!$X$61)/Q46,IF(AND(Q46>'Fiscal Terms_PIA'!$W$61,Q46<='Fiscal Terms_PIA'!$W$62),('Fiscal Terms_PIA'!$X$60*'Fiscal Terms_PIA'!$W$60+'Fiscal Terms_PIA'!$X$61*('Fiscal Terms_PIA'!$W$61-'Fiscal Terms_PIA'!$W$60)+'Fiscal Terms_PIA'!$X$62*(Q46-'Fiscal Terms_PIA'!$W$61))/Q46,IF(AND(Q46>'Fiscal Terms_PIA'!$W$62,Q46<='Fiscal Terms_PIA'!$W$63),('Fiscal Terms_PIA'!$X$60*'Fiscal Terms_PIA'!$W$60+'Fiscal Terms_PIA'!$X$61*('Fiscal Terms_PIA'!$W$61-'Fiscal Terms_PIA'!$W$60)+'Fiscal Terms_PIA'!$X$62*('Fiscal Terms_PIA'!$W$62-'Fiscal Terms_PIA'!$W$61)+'Fiscal Terms_PIA'!$X$63*(Q46-'Fiscal Terms_PIA'!$W$62))/Q46,IF(AND(Q46>'Fiscal Terms_PIA'!$W$63,Q46<='Fiscal Terms_PIA'!$W$64),('Fiscal Terms_PIA'!$X$60*'Fiscal Terms_PIA'!$W$60+'Fiscal Terms_PIA'!$X$61*('Fiscal Terms_PIA'!$W$61-'Fiscal Terms_PIA'!$W$60)+'Fiscal Terms_PIA'!$X$62*('Fiscal Terms_PIA'!$W$62-'Fiscal Terms_PIA'!$W$61)+'Fiscal Terms_PIA'!$X$63*('Fiscal Terms_PIA'!$W$63-'Fiscal Terms_PIA'!$W$62)+'Fiscal Terms_PIA'!$X$64*(Q46-'Fiscal Terms_PIA'!$W$63))/Q46,'Fiscal Terms_PIA'!$X$65))))))",,,0.00%,'Fiscal Terms_PIA'!$W$60 | 'Fiscal Terms_PIA'!$W$61 | 'Fiscal Terms_PIA'!$W$62 | 'Fiscal Terms_PIA'!$W$63 | 'Fiscal Terms_PIA'!$W$64 | 'Fiscal Terms_PIA'!$X$60 | 'Fiscal Terms_PIA'!$X$61 | 'Fiscal Terms_PIA'!$X$62 | 'Fiscal Terms_PIA'!$X$63 | 'Fiscal Terms_PIA'!$X$64 | 'Fiscal Terms_PIA'!$X$65 | Q46 | W$60 | W$61 | W$62 | W$63 | W$64 | X$60 | X$61 | X$62 | X$63 | X$64 | X$65,23,Results / Dashboard,f,NO_CACHED_VALUE,Formula present but data_only cache empty; full Excel recalc may be required for expected value.
CR Econ,visible,S46,46,19,formula,"=IF(Q46=0,"""",100%-R46)",,,0.00%,Q46 | R46,2,Results / Dashboard,f,NO_CACHED_VALUE,Formula present but data_only cache empty; full Excel recalc may be required for expected value.
CR Econ,visible,R47,47,18,formula,"=IF(Q47=0,"""",IF(Q47<='Fiscal Terms_PIA'!$W$60,'Fiscal Terms_PIA'!$X$60,IF(AND(Q47>'Fiscal Terms_PIA'!$W$60,Q47<='Fiscal Terms_PIA'!$W$61),('Fiscal Terms_PIA'!$X$60*'Fiscal Terms_PIA'!$W$60+(Q47-'Fiscal Terms_PIA'!$W$60)*'Fiscal Terms_PIA'!$X$61)/Q47,IF(AND(Q47>'Fiscal Terms_PIA'!$W$61,Q47<='Fiscal Terms_PIA'!$W$62),('Fiscal Terms_PIA'!$X$60*'Fiscal Terms_PIA'!$W$60+'Fiscal Terms_PIA'!$X$61*('Fiscal Terms_PIA'!$W$61-'Fiscal Terms_PIA'!$W$60)+'Fiscal Terms_PIA'!$X$62*(Q47-'Fiscal Terms_PIA'!$W$61))/Q47,IF(AND(Q47>'Fiscal Terms_PIA'!$W$62,Q47<='Fiscal Terms_PIA'!$W$63),('Fiscal Terms_PIA'!$X$60*'Fiscal Terms_PIA'!$W$60+'Fiscal Terms_PIA'!$X$61*('Fiscal Terms_PIA'!$W$61-'Fiscal Terms_PIA'!$W$60)+'Fiscal Terms_PIA'!$X$62*('Fiscal Terms_PIA'!$W$62-'Fiscal Terms_PIA'!$W$61)+'Fiscal Terms_PIA'!$X$63*(Q47-'Fiscal Terms_PIA'!$W$62))/Q47,IF(AND(Q47>'Fiscal Terms_PIA'!$W$63,Q47<='Fiscal Terms_PIA'!$W$64),('Fiscal Terms_PIA'!$X$60*'Fiscal Terms_PIA'!$W$60+'Fiscal Terms_PIA'!$X$61*('Fiscal Terms_PIA'!$W$61-'Fiscal Terms_PIA'!$W$60)+'Fiscal Terms_PIA'!$X$62*('Fiscal Terms_PIA'!$W$62-'Fiscal Terms_PIA'!$W$61)+'Fiscal Terms_PIA'!$X$63*('Fiscal Terms_PIA'!$W$63-'Fiscal Terms_PIA'!$W$62)+'Fiscal Terms_PIA'!$X$64*(Q47-'Fiscal Terms_PIA'!$W$63))/Q47,'Fiscal Terms_PIA'!$X$65))))))",,,0.00%,'Fiscal Terms_PIA'!$W$60 | 'Fiscal Terms_PIA'!$W$61 | 'Fiscal Terms_PIA'!$W$62 | 'Fiscal Terms_PIA'!$W$63 | 'Fiscal Terms_PIA'!$W$64 | 'Fiscal Terms_PIA'!$X$60 | 'Fiscal Terms_PIA'!$X$61 | 'Fiscal Terms_PIA'!$X$62 | 'Fiscal Terms_PIA'!$X$63 | 'Fiscal Terms_PIA'!$X$64 | 'Fiscal Terms_PIA'!$X$65 | Q47 | W$60 | W$61 | W$62 | W$63 | W$64 | X$60 | X$61 | X$62 | X$63 | X$64 | X$65,23,Results / Dashboard,f,NO_CACHED_VALUE,Formula present but data_only cache empty; full Excel recalc may be required for expected value.
CR Econ,visible,S47,47,19,formula,"=IF(Q47=0,"""",100%-R47)",,,0.00%,Q47 | R47,2,Results / Dashboard,f,NO_CACHED_VALUE,Formula present but data_only cache empty; full Excel recalc may be required for expected value.
CR Econ,visible,R48,48,18,formula,"=IF(Q48=0,"""",IF(Q48<='Fiscal Terms_PIA'!$W$60,'Fiscal Terms_PIA'!$X$60,IF(AND(Q48>'Fiscal Terms_PIA'!$W$60,Q48<='Fiscal Terms_PIA'!$W$61),('Fiscal Terms_PIA'!$X$60*'Fiscal Terms_PIA'!$W$60+(Q48-'Fiscal Terms_PIA'!$W$60)*'Fiscal Terms_PIA'!$X$61)/Q48,IF(AND(Q48>'Fiscal Terms_PIA'!$W$61,Q48<='Fiscal Terms_PIA'!$W$62),('Fiscal Terms_PIA'!$X$60*'Fiscal Terms_PIA'!$W$60+'Fiscal Terms_PIA'!$X$61*('Fiscal Terms_PIA'!$W$61-'Fiscal Terms_PIA'!$W$60)+'Fiscal Terms_PIA'!$X$62*(Q48-'Fiscal Terms_PIA'!$W$61))/Q48,IF(AND(Q48>'Fiscal Terms_PIA'!$W$62,Q48<='Fiscal Terms_PIA'!$W$63),('Fiscal Terms_PIA'!$X$60*'Fiscal Terms_PIA'!$W$60+'Fiscal Terms_PIA'!$X$61*('Fiscal Terms_PIA'!$W$61-'Fiscal Terms_PIA'!$W$60)+'Fiscal Terms_PIA'!$X$62*('Fiscal Terms_PIA'!$W$62-'Fiscal Terms_PIA'!$W$61)+'Fiscal Terms_PIA'!$X$63*(Q48-'Fiscal Terms_PIA'!$W$62))/Q48,IF(AND(Q48>'Fiscal Terms_PIA'!$W$63,Q48<='Fiscal Terms_PIA'!$W$64),('Fiscal Terms_PIA'!$X$60*'Fiscal Terms_PIA'!$W$60+'Fiscal Terms_PIA'!$X$61*('Fiscal Terms_PIA'!$W$61-'Fiscal Terms_PIA'!$W$60)+'Fiscal Terms_PIA'!$X$62*('Fiscal Terms_PIA'!$W$62-'Fiscal Terms_PIA'!$W$61)+'Fiscal Terms_PIA'!$X$63*('Fiscal Terms_PIA'!$W$63-'Fiscal Terms_PIA'!$W$62)+'Fiscal Terms_PIA'!$X$64*(Q48-'Fiscal Terms_PIA'!$W$63))/Q48,'Fiscal Terms_PIA'!$X$65))))))",,,0.00%,'Fiscal Terms_PIA'!$W$60 | 'Fiscal Terms_PIA'!$W$61 | 'Fiscal Terms_PIA'!$W$62 | 'Fiscal Terms_PIA'!$W$63 | 'Fiscal Terms_PIA'!$W$64 | 'Fiscal Terms_PIA'!$X$60 | 'Fiscal Terms_PIA'!$X$61 | 'Fiscal Terms_PIA'!$X$62 | 'Fiscal Terms_PIA'!$X$63 | 'Fiscal Terms_PIA'!$X$64 | 'Fiscal Terms_PIA'!$X$65 | Q48 | W$60 | W$61 | W$62 | W$63 | W$64 | X$60 | X$61 | X$62 | X$63 | X$64 | X$65,23,Results / Dashboard,f,NO_CACHED_VALUE,Formula present but data_only cache empty; full Excel recalc may be required for expected value.
CR Econ,visible,S48,48,19,formula,"=IF(Q48=0,"""",100%-R48)",,,0.00%,Q48 | R48,2,Results / Dashboard,f,NO_CACHED_VALUE,Formula present but data_only cache empty; full Excel recalc may be required for expected value.
CR Econ,visible,R49,49,18,formula,"=IF(Q49=0,"""",IF(Q49<='Fiscal Terms_PIA'!$W$60,'Fiscal Terms_PIA'!$X$60,IF(AND(Q49>'Fiscal Terms_PIA'!$W$60,Q49<='Fiscal Terms_PIA'!$W$61),('Fiscal Terms_PIA'!$X$60*'Fiscal Terms_PIA'!$W$60+(Q49-'Fiscal Terms_PIA'!$W$60)*'Fiscal Terms_PIA'!$X$61)/Q49,IF(AND(Q49>'Fiscal Terms_PIA'!$W$61,Q49<='Fiscal Terms_PIA'!$W$62),('Fiscal Terms_PIA'!$X$60*'Fiscal Terms_PIA'!$W$60+'Fiscal Terms_PIA'!$X$61*('Fiscal Terms_PIA'!$W$61-'Fiscal Terms_PIA'!$W$60)+'Fiscal Terms_PIA'!$X$62*(Q49-'Fiscal Terms_PIA'!$W$61))/Q49,IF(AND(Q49>'Fiscal Terms_PIA'!$W$62,Q49<='Fiscal Terms_PIA'!$W$63),('Fiscal Terms_PIA'!$X$60*'Fiscal Terms_PIA'!$W$60+'Fiscal Terms_PIA'!$X$61*('Fiscal Terms_PIA'!$W$61-'Fiscal Terms_PIA'!$W$60)+'Fiscal Terms_PIA'!$X$62*('Fiscal Terms_PIA'!$W$62-'Fiscal Terms_PIA'!$W$61)+'Fiscal Terms_PIA'!$X$63*(Q49-'Fiscal Terms_PIA'!$W$62))/Q49,IF(AND(Q49>'Fiscal Terms_PIA'!$W$63,Q49<='Fiscal Terms_PIA'!$W$64),('Fiscal Terms_PIA'!$X$60*'Fiscal Terms_PIA'!$W$60+'Fiscal Terms_PIA'!$X$61*('Fiscal Terms_PIA'!$W$61-'Fiscal Terms_PIA'!$W$60)+'Fiscal Terms_PIA'!$X$62*('Fiscal Terms_PIA'!$W$62-'Fiscal Terms_PIA'!$W$61)+'Fiscal Terms_PIA'!$X$63*('Fiscal Terms_PIA'!$W$63-'Fiscal Terms_PIA'!$W$62)+'Fiscal Terms_PIA'!$X$64*(Q49-'Fiscal Terms_PIA'!$W$63))/Q49,'Fiscal Terms_PIA'!$X$65))))))",,,0.00%,'Fiscal Terms_PIA'!$W$60 | 'Fiscal Terms_PIA'!$W$61 | 'Fiscal Terms_PIA'!$W$62 | 'Fiscal Terms_PIA'!$W$63 | 'Fiscal Terms_PIA'!$W$64 | 'Fiscal Terms_PIA'!$X$60 | 'Fiscal Terms_PIA'!$X$61 | 'Fiscal Terms_PIA'!$X$62 | 'Fiscal Terms_PIA'!$X$63 | 'Fiscal Terms_PIA'!$X$64 | 'Fiscal Terms_PIA'!$X$65 | Q49 | W$60 | W$61 | W$62 | W$63 | W$64 | X$60 | X$61 | X$62 | X$63 | X$64 | X$65,23,Results / Dashboard,f,NO_CACHED_VALUE,Formula present but data_only cache empty; full Excel recalc may be required for expected value.
CR Econ,visible,S49,49,19,formula,"=IF(Q49=0,"""",100%-R49)",,,0.00%,Q49 | R49,2,Results / Dashboard,f,NO_CACHED_VALUE,Formula present but data_only cache empty; full Excel recalc may be required for expected value.
