from_sheet,to_sheet,reference_count_in_formulas,meaning
Block_TC,Cap_Allow,6636,Formulas on 'Cap_Allow' reference sheet 'Block_TC'
Block_TC_Gas,Cap_Allow Gas,6636,Formulas on 'Cap_Allow Gas' reference sheet 'Block_TC_Gas'
Ec_IO,Cap_Allow,1074,Formulas on 'Cap_Allow' reference sheet 'Ec_IO'
Ec_IO,Cap_Allow Gas,1074,Formulas on 'Cap_Allow Gas' reference sheet 'Ec_IO'
Equity Dash,HT_NCF_Oil Equity,944,Formulas on 'HT_NCF_Oil Equity' reference sheet 'Equity Dash'
CIT_NCF_Gas,Project_NCF_Con,905,Formulas on 'Project_NCF_Con' reference sheet 'CIT_NCF_Gas'
CIT_NCF_Oil,Project_NCF_Con,905,Formulas on 'Project_NCF_Con' reference sheet 'CIT_NCF_Oil'
Equity Dash,CIT_NCF_Gas Equity,856,Formulas on 'CIT_NCF_Gas Equity' reference sheet 'Equity Dash'
CIT_NCF_Gas Equity,Equity_NCF_Con,855,Formulas on 'Equity_NCF_Con' reference sheet 'CIT_NCF_Gas Equity'
CIT_NCF_Gas,CIT_NCF_Gas Equity,810,Formulas on 'CIT_NCF_Gas Equity' reference sheet 'CIT_NCF_Gas'
CIT_NCF_Oil Equity,Equity_NCF_Con,810,Formulas on 'Equity_NCF_Con' reference sheet 'CIT_NCF_Oil Equity'
HT_NCF_Oil,HT_NCF_Oil Equity,809,Formulas on 'HT_NCF_Oil Equity' reference sheet 'HT_NCF_Oil'
CIT_NCF_Gas,Project_NCF_Con (2),788,Formulas on 'Project_NCF_Con (2)' reference sheet 'CIT_NCF_Gas'
Equity Dash,CIT_NCF_Oil Equity,765,Formulas on 'CIT_NCF_Oil Equity' reference sheet 'Equity Dash'
CIT_NCF_Oil,Project_NCF_Con (2),743,Formulas on 'Project_NCF_Con (2)' reference sheet 'CIT_NCF_Oil'
CIT_NCF_Oil,CIT_NCF_Oil Equity,675,Formulas on 'CIT_NCF_Oil Equity' reference sheet 'CIT_NCF_Oil'
Ec_IO,Project_NCF_Con,622,Formulas on 'Project_NCF_Con' reference sheet 'Ec_IO'
FLGT,HT_NCF,606,Formulas on 'HT_NCF' reference sheet 'FLGT'
Ec_IO,HT_NCF_Oil,587,Formulas on 'HT_NCF_Oil' reference sheet 'Ec_IO'
Ec_IO,HT_NCF_Oil Equity,587,Formulas on 'HT_NCF_Oil Equity' reference sheet 'Ec_IO'
FLGT,CIT_NCF_Gas,497,Formulas on 'CIT_NCF_Gas' reference sheet 'FLGT'
FLGT,HT_NCF_Oil,471,Formulas on 'HT_NCF_Oil' reference sheet 'FLGT'
FLGT,CIT_NCF_Oil,471,Formulas on 'CIT_NCF_Oil' reference sheet 'FLGT'
Block_Oil Data,Block_TC,453,Formulas on 'Block_TC' reference sheet 'Block_Oil Data'
Production Profile,CIT_NCF_Gas,448,Formulas on 'CIT_NCF_Gas' reference sheet 'Production Profile'
HT_NCF,CIT_NCF,429,Formulas on 'CIT_NCF' reference sheet 'HT_NCF'
Royalties,FLGT,380,Formulas on 'FLGT' reference sheet 'Royalties'
Ec_IO,CIT_NCF,356,Formulas on 'CIT_NCF' reference sheet 'Ec_IO'
Ec_IO,Block_TC,337,Formulas on 'Block_TC' reference sheet 'Ec_IO'
Ec_IO,Block_TC_Gas,337,Formulas on 'Block_TC_Gas' reference sheet 'Ec_IO'
Block_Oil Data,Block_TC_Gas,324,Formulas on 'Block_TC_Gas' reference sheet 'Block_Oil Data'
FLGT,CR Econ,323,Formulas on 'CR Econ' reference sheet 'FLGT'
Ec_IO,CIT_NCF_Oil Equity,318,Formulas on 'CIT_NCF_Oil Equity' reference sheet 'Ec_IO'
Production Profile,HT_NCF_Oil,315,Formulas on 'HT_NCF_Oil' reference sheet 'Production Profile'
Ec_IO,Project_NCF_Con (2),313,Formulas on 'Project_NCF_Con (2)' reference sheet 'Ec_IO'
Prod_Summary,Royalties,309,Formulas on 'Royalties' reference sheet 'Prod_Summary'
Prod_Summary,FLGT,307,Formulas on 'FLGT' reference sheet 'Prod_Summary'
Ec_IO,Royalties,297,Formulas on 'Royalties' reference sheet 'Ec_IO'
Ec_IO,CIT_NCF_Oil,288,Formulas on 'CIT_NCF_Oil' reference sheet 'Ec_IO'
Fiscal Terms_PIA,Royalties,274,Formulas on 'Royalties' reference sheet 'Fiscal Terms_PIA'
Fiscal Terms_PIA,FLGT,270,Formulas on 'FLGT' reference sheet 'Fiscal Terms_PIA'
Ec_IO,Equity_NCF_Con,228,Formulas on 'Equity_NCF_Con' reference sheet 'Ec_IO'
Ec_IO,HT_NCF,227,Formulas on 'HT_NCF' reference sheet 'Ec_IO'
Ec_IO,CIT_NCF_Gas,227,Formulas on 'CIT_NCF_Gas' reference sheet 'Ec_IO'
Ec_IO,CIT_NCF_Gas Equity,227,Formulas on 'CIT_NCF_Gas Equity' reference sheet 'Ec_IO'
Fiscal Terms_PIA,HT_NCF,181,Formulas on 'HT_NCF' reference sheet 'Fiscal Terms_PIA'
HT_NCF_Oil,CIT_NCF_Oil,181,Formulas on 'CIT_NCF_Oil' reference sheet 'HT_NCF_Oil'
Fiscal Terms_PIA,HT_NCF_Oil,180,Formulas on 'HT_NCF_Oil' reference sheet 'Fiscal Terms_PIA'
Production Profile,CIT_NCF_Oil,180,Formulas on 'CIT_NCF_Oil' reference sheet 'Production Profile'
Fiscal Terms_PIA,HT_NCF_Oil Equity,180,Formulas on 'HT_NCF_Oil Equity' reference sheet 'Fiscal Terms_PIA'
OML123_Oil_S1,Prod_Summary,177,Formulas on 'Prod_Summary' reference sheet 'OML123_Oil_S1'
Block_Oil Data,Prod_Summary,175,Formulas on 'Prod_Summary' reference sheet 'Block_Oil Data'
Block_Gas Data,Prod_Summary,175,Formulas on 'Prod_Summary' reference sheet 'Block_Gas Data'
Ec_IO,Prod_Summary,173,Formulas on 'Prod_Summary' reference sheet 'Ec_IO'
Cap_Allow,HT_NCF_Oil,171,Formulas on 'HT_NCF_Oil' reference sheet 'Cap_Allow'
Analysis,Block_TC,168,Formulas on 'Block_TC' reference sheet 'Analysis'
Analysis,Block_TC_Gas,168,Formulas on 'Block_TC_Gas' reference sheet 'Analysis'
FLGT,HT_NCF_Oil Equity,156,Formulas on 'HT_NCF_Oil Equity' reference sheet 'FLGT'
CR Econ,HT_NCF,136,Formulas on 'HT_NCF' reference sheet 'CR Econ'
Equity Dash,Equity_NCF_Con,136,Formulas on 'Equity_NCF_Con' reference sheet 'Equity Dash'
CIT_NCF_Gas,HT_NCF_Oil,135,Formulas on 'HT_NCF_Oil' reference sheet 'CIT_NCF_Gas'
Analysis,Project_NCF_Con,135,Formulas on 'Project_NCF_Con' reference sheet 'Analysis'
Production Profile,CIT_NCF_Gas Equity,135,Formulas on 'CIT_NCF_Gas Equity' reference sheet 'Production Profile'
FLGT,CIT_NCF,133,Formulas on 'CIT_NCF' reference sheet 'FLGT'
Cap_Allow,CR Econ,127,Formulas on 'CR Econ' reference sheet 'Cap_Allow'
Block_Gas Data,Block_TC_Gas,126,Formulas on 'Block_TC_Gas' reference sheet 'Block_Gas Data'
Cap_Allow,HT_NCF,126,Formulas on 'HT_NCF' reference sheet 'Cap_Allow'
FLGT,CIT_NCF_Oil Equity,111,Formulas on 'CIT_NCF_Oil Equity' reference sheet 'FLGT'
FLGT,CIT_NCF_Gas Equity,111,Formulas on 'CIT_NCF_Gas Equity' reference sheet 'FLGT'
Prod_Summary,Cap_Allow,99,Formulas on 'Cap_Allow' reference sheet 'Prod_Summary'
CR Econ,HT_NCF_Oil,93,Formulas on 'HT_NCF_Oil' reference sheet 'CR Econ'
Ec_IO,CR Econ,92,Formulas on 'CR Econ' reference sheet 'Ec_IO'
CR Econ,CIT_NCF_Oil,92,Formulas on 'CIT_NCF_Oil' reference sheet 'CR Econ'
CR Econ,CIT_NCF_Gas,92,Formulas on 'CIT_NCF_Gas' reference sheet 'CR Econ'
Analysis,Project_NCF_Con (2),91,Formulas on 'Project_NCF_Con (2)' reference sheet 'Analysis'
Analysis,Equity_NCF_Con,91,Formulas on 'Equity_NCF_Con' reference sheet 'Analysis'
Block_TC,FLGT,90,Formulas on 'FLGT' reference sheet 'Block_TC'
Fiscal Terms_PIA,CR Econ,90,Formulas on 'CR Econ' reference sheet 'Fiscal Terms_PIA'
Analysis,HT_NCF,90,Formulas on 'HT_NCF' reference sheet 'Analysis'
Fiscal Terms_PIA,CIT_NCF,90,Formulas on 'CIT_NCF' reference sheet 'Fiscal Terms_PIA'
Analysis,CIT_NCF,90,Formulas on 'CIT_NCF' reference sheet 'Analysis'
Analysis,HT_NCF_Oil,90,Formulas on 'HT_NCF_Oil' reference sheet 'Analysis'
Fiscal Terms_PIA,CIT_NCF_Oil,90,Formulas on 'CIT_NCF_Oil' reference sheet 'Fiscal Terms_PIA'
Analysis,CIT_NCF_Oil,90,Formulas on 'CIT_NCF_Oil' reference sheet 'Analysis'
Analysis,CIT_NCF_Gas,90,Formulas on 'CIT_NCF_Gas' reference sheet 'Analysis'
Analysis,HT_NCF_Oil Equity,90,Formulas on 'HT_NCF_Oil Equity' reference sheet 'Analysis'
HT_NCF_Oil Equity,CIT_NCF_Oil Equity,90,Formulas on 'CIT_NCF_Oil Equity' reference sheet 'HT_NCF_Oil Equity'
Fiscal Terms_PIA,CIT_NCF_Oil Equity,90,Formulas on 'CIT_NCF_Oil Equity' reference sheet 'Fiscal Terms_PIA'
Analysis,CIT_NCF_Oil Equity,90,Formulas on 'CIT_NCF_Oil Equity' reference sheet 'Analysis'
Analysis,CIT_NCF_Gas Equity,90,Formulas on 'CIT_NCF_Gas Equity' reference sheet 'Analysis'
Project_NCF_Con (2),Equity_NCF_Con,90,Formulas on 'Equity_NCF_Con' reference sheet 'Project_NCF_Con (2)'
Cap_Allow Gas,CIT_NCF_Gas,88,Formulas on 'CIT_NCF_Gas' reference sheet 'Cap_Allow Gas'
Equity Dash,Project_NCF_Con (2),87,Formulas on 'Project_NCF_Con (2)' reference sheet 'Equity Dash'
Prod_Summary,Cap_Allow Gas,86,Formulas on 'Cap_Allow Gas' reference sheet 'Prod_Summary'
OML123_Oil_S1,Block_Oil Data,85,Formulas on 'Block_Oil Data' reference sheet 'OML123_Oil_S1'
Ec_IO,Block_Oil Data,85,Formulas on 'Block_Oil Data' reference sheet 'Ec_IO'
Ec_IO,Block_Gas Data,85,Formulas on 'Block_Gas Data' reference sheet 'Ec_IO'
Block_Oil Data,OML123_Oil_S1,85,Formulas on 'OML123_Oil_S1' reference sheet 'Block_Oil Data'
Fiscal Terms_PIA,Project_NCF_Con,85,Formulas on 'Project_NCF_Con' reference sheet 'Fiscal Terms_PIA'
FLGT,Project_NCF_Con (2),85,Formulas on 'Project_NCF_Con (2)' reference sheet 'FLGT'
Cap_Allow,Project_NCF_Con (2),85,Formulas on 'Project_NCF_Con (2)' reference sheet 'Cap_Allow'
Cap_Allow Gas,Project_NCF_Con (2),85,Formulas on 'Project_NCF_Con (2)' reference sheet 'Cap_Allow Gas'
Analysis,Block_Oil Data,84,Formulas on 'Block_Oil Data' reference sheet 'Analysis'
Analysis,Block_Gas Data,84,Formulas on 'Block_Gas Data' reference sheet 'Analysis'
Analysis,Royalties,84,Formulas on 'Royalties' reference sheet 'Analysis'
Block_TC,HT_NCF,84,Formulas on 'HT_NCF' reference sheet 'Block_TC'
Fiscal Terms_PIA,CIT_NCF_Gas,80,Formulas on 'CIT_NCF_Gas' reference sheet 'Fiscal Terms_PIA'
Fiscal Terms_PIA,CIT_NCF_Gas Equity,80,Formulas on 'CIT_NCF_Gas Equity' reference sheet 'Fiscal Terms_PIA'
Production Profile,Block_Oil Data,78,Formulas on 'Block_Oil Data' reference sheet 'Production Profile'
Production Profile,Block_Gas Data,78,Formulas on 'Block_Gas Data' reference sheet 'Production Profile'
Cap_Allow,Project_NCF_Con,66,Formulas on 'Project_NCF_Con' reference sheet 'Cap_Allow'
FLGT,Equity_NCF_Con,65,Formulas on 'Equity_NCF_Con' reference sheet 'FLGT'
CIT_NCF_Gas,CIT_NCF_Oil,52,Formulas on 'CIT_NCF_Oil' reference sheet 'CIT_NCF_Gas'
CR Econ,HT_NCF_Oil Equity,47,Formulas on 'HT_NCF_Oil Equity' reference sheet 'CR Econ'
CR Econ,CIT_NCF_Oil Equity,47,Formulas on 'CIT_NCF_Oil Equity' reference sheet 'CR Econ'
CR Econ,CIT_NCF_Gas Equity,47,Formulas on 'CIT_NCF_Gas Equity' reference sheet 'CR Econ'
CIT_NCF_Oil,CR Econ,46,Formulas on 'CR Econ' reference sheet 'CIT_NCF_Oil'
CR Econ,Project_NCF_Con,46,Formulas on 'Project_NCF_Con' reference sheet 'CR Econ'
CR Econ,Project_NCF_Con (2),46,Formulas on 'Project_NCF_Con (2)' reference sheet 'CR Econ'
HT_NCF_Oil,Project_NCF_Con (2),46,Formulas on 'Project_NCF_Con (2)' reference sheet 'HT_NCF_Oil'
CIT_NCF_Gas Equity,CIT_NCF_Oil Equity,46,Formulas on 'CIT_NCF_Oil Equity' reference sheet 'CIT_NCF_Gas Equity'
CR Econ,Equity_NCF_Con,46,Formulas on 'Equity_NCF_Con' reference sheet 'CR Econ'
Prod_Summary,Block_TC,45,Formulas on 'Block_TC' reference sheet 'Prod_Summary'
Ec_IO,FLGT,45,Formulas on 'FLGT' reference sheet 'Ec_IO'
Block_TC_Gas,FLGT,45,Formulas on 'FLGT' reference sheet 'Block_TC_Gas'
Cap_Allow Gas,FLGT,45,Formulas on 'FLGT' reference sheet 'Cap_Allow Gas'
Equity Dash,FLGT,45,Formulas on 'FLGT' reference sheet 'Equity Dash'
CR Econ,CIT_NCF,45,Formulas on 'CIT_NCF' reference sheet 'CR Econ'
Equity Dash,HT_NCF_Oil,45,Formulas on 'HT_NCF_Oil' reference sheet 'Equity Dash'
Equity Dash,CIT_NCF_Oil,45,Formulas on 'CIT_NCF_Oil' reference sheet 'Equity Dash'
Cap_Allow,CIT_NCF_Oil,45,Formulas on 'CIT_NCF_Oil' reference sheet 'Cap_Allow'
Cap_Allow Gas,Project_NCF_Con,45,Formulas on 'Project_NCF_Con' reference sheet 'Cap_Allow Gas'
CIT_NCF_Oil,CIT_NCF_Gas,45,Formulas on 'CIT_NCF_Gas' reference sheet 'CIT_NCF_Oil'
Equity Dash,CIT_NCF_Gas,45,Formulas on 'CIT_NCF_Gas' reference sheet 'Equity Dash'
Cap_Allow,HT_NCF_Oil Equity,45,Formulas on 'HT_NCF_Oil Equity' reference sheet 'Cap_Allow'
Cap_Allow,CIT_NCF_Oil Equity,45,Formulas on 'CIT_NCF_Oil Equity' reference sheet 'Cap_Allow'
CIT_NCF_Oil Equity,CIT_NCF_Gas Equity,45,Formulas on 'CIT_NCF_Gas Equity' reference sheet 'CIT_NCF_Oil Equity'
Cap_Allow Gas,CIT_NCF_Gas Equity,45,Formulas on 'CIT_NCF_Gas Equity' reference sheet 'Cap_Allow Gas'
HT_NCF_Oil Equity,Equity_NCF_Con,45,Formulas on 'Equity_NCF_Con' reference sheet 'HT_NCF_Oil Equity'
Royalties,Block_TC,44,Formulas on 'Block_TC' reference sheet 'Royalties'
Prod_Summary,Block_TC_Gas,44,Formulas on 'Block_TC_Gas' reference sheet 'Prod_Summary'
Equity Dash,Cap_Allow,43,Formulas on 'Cap_Allow' reference sheet 'Equity Dash'
Production Profile,Cap_Allow,43,Formulas on 'Cap_Allow' reference sheet 'Production Profile'
Block_TC,Block_Oil Data,42,Formulas on 'Block_Oil Data' reference sheet 'Block_TC'
Block_TC,Block_Gas Data,42,Formulas on 'Block_Gas Data' reference sheet 'Block_TC'
Block_TC,Block_TC,42,Formulas on 'Block_TC' reference sheet 'Block_TC'
Block_TC,Block_TC_Gas,42,Formulas on 'Block_TC_Gas' reference sheet 'Block_TC'
Equity Dash,Cap_Allow Gas,42,Formulas on 'Cap_Allow Gas' reference sheet 'Equity Dash'
Production Profile,Cap_Allow Gas,42,Formulas on 'Cap_Allow Gas' reference sheet 'Production Profile'
Analysis,FLGT,42,Formulas on 'FLGT' reference sheet 'Analysis'
Block_TC_Gas,HT_NCF,42,Formulas on 'HT_NCF' reference sheet 'Block_TC_Gas'
Block_TC,CIT_NCF,42,Formulas on 'CIT_NCF' reference sheet 'Block_TC'
Prod_Summary,CIT_NCF,42,Formulas on 'CIT_NCF' reference sheet 'Prod_Summary'
Block_TC,HT_NCF_Oil,42,Formulas on 'HT_NCF_Oil' reference sheet 'Block_TC'
Block_TC,CIT_NCF_Oil,42,Formulas on 'CIT_NCF_Oil' reference sheet 'Block_TC'
Block_TC_Gas,Project_NCF_Con,42,Formulas on 'Project_NCF_Con' reference sheet 'Block_TC_Gas'
Block_TC_Gas,CIT_NCF_Gas,42,Formulas on 'CIT_NCF_Gas' reference sheet 'Block_TC_Gas'
FLGT,Project_NCF_Con,40,Formulas on 'Project_NCF_Con' reference sheet 'FLGT'
Fiscal Terms_PIA,Equity_NCF_Con,40,Formulas on 'Equity_NCF_Con' reference sheet 'Fiscal Terms_PIA'
Block_Oil Data,Block_Gas Data,30,Formulas on 'Block_Gas Data' reference sheet 'Block_Oil Data'
REF,START,28,Formulas on 'START' reference sheet 'REF'
Block_TC,CIT_NCF_Gas,24,Formulas on 'CIT_NCF_Gas' reference sheet 'Block_TC'
Equity Dash,RESULTS Equity,19,Formulas on 'RESULTS Equity' reference sheet 'Equity Dash'
Ec_IO,RESULTS Equity,18,Formulas on 'RESULTS Equity' reference sheet 'Ec_IO'
Ec_IO,Ec_IO,15,Formulas on 'Ec_IO' reference sheet 'Ec_IO'
Cap_Allow Gas,Cap_Allow,12,Formulas on 'Cap_Allow' reference sheet 'Cap_Allow Gas'
Cap_Allow,CIT_NCF_Gas,12,Formulas on 'CIT_NCF_Gas' reference sheet 'Cap_Allow'
Prod_Summary,Ec_IO,10,Formulas on 'Ec_IO' reference sheet 'Prod_Summary'
Project_NCF_Con (2),Ec_IO,10,Formulas on 'Ec_IO' reference sheet 'Project_NCF_Con (2)'
Ec_IO,Analysis,10,Formulas on 'Analysis' reference sheet 'Ec_IO'
Prod_Summary,RESULTS Equity,9,Formulas on 'RESULTS Equity' reference sheet 'Prod_Summary'
FLGT,Ec_IO,8,Formulas on 'Ec_IO' reference sheet 'FLGT'
CIT_NCF,Ec_IO,7,Formulas on 'Ec_IO' reference sheet 'CIT_NCF'
HT_NCF_Oil Equity,RESULTS Equity,6,Formulas on 'RESULTS Equity' reference sheet 'HT_NCF_Oil Equity'
HT_NCF_Oil,Ec_IO,5,Formulas on 'Ec_IO' reference sheet 'HT_NCF_Oil'
Equity_NCF_Con,RESULTS Equity,5,Formulas on 'RESULTS Equity' reference sheet 'Equity_NCF_Con'
Block_Oil Data,Cap_Allow Gas,5,Formulas on 'Cap_Allow Gas' reference sheet 'Block_Oil Data'
Cap_Allow,Ec_IO,4,Formulas on 'Ec_IO' reference sheet 'Cap_Allow'
Cap_Allow Gas,Ec_IO,4,Formulas on 'Ec_IO' reference sheet 'Cap_Allow Gas'
FLGT,RESULTS Equity,3,Formulas on 'RESULTS Equity' reference sheet 'FLGT'
RESULTS Equity,Ec_IO,2,Formulas on 'Ec_IO' reference sheet 'RESULTS Equity'
CIT_NCF_Gas Equity,RESULTS Equity,2,Formulas on 'RESULTS Equity' reference sheet 'CIT_NCF_Gas Equity'
CIT_NCF_Oil Equity,RESULTS Equity,2,Formulas on 'RESULTS Equity' reference sheet 'CIT_NCF_Oil Equity'
Production Profile,Prod_Summary,2,Formulas on 'Prod_Summary' reference sheet 'Production Profile'
Royalties,HT_NCF,2,Formulas on 'HT_NCF' reference sheet 'Royalties'
Ec_IO,Oil Input,1,Formulas on 'Oil Input' reference sheet 'Ec_IO'
STOIIP,Production Profile,1,Formulas on 'Production Profile' reference sheet 'STOIIP'
GIIP,Production Profile,1,Formulas on 'Production Profile' reference sheet 'GIIP'
OML123_Oil_S1,Block_TC,1,Formulas on 'Block_TC' reference sheet 'OML123_Oil_S1'
Block_TC_Gas,Block_TC,1,Formulas on 'Block_TC' reference sheet 'Block_TC_Gas'
OML123_Oil_S1,Block_TC_Gas,1,Formulas on 'Block_TC_Gas' reference sheet 'OML123_Oil_S1'
HT_NCF,HT_NCF,1,Formulas on 'HT_NCF' reference sheet 'HT_NCF'
Royalties,HT_NCF_Oil,1,Formulas on 'HT_NCF_Oil' reference sheet 'Royalties'
HT_NCF_Oil,HT_NCF_Oil,1,Formulas on 'HT_NCF_Oil' reference sheet 'HT_NCF_Oil'
Royalties,CIT_NCF_Oil,1,Formulas on 'CIT_NCF_Oil' reference sheet 'Royalties'
CIT_NCF_Oil,CIT_NCF_Oil,1,Formulas on 'CIT_NCF_Oil' reference sheet 'CIT_NCF_Oil'
Royalties,Project_NCF_Con,1,Formulas on 'Project_NCF_Con' reference sheet 'Royalties'
HT_NCF_Oil,Project_NCF_Con,1,Formulas on 'Project_NCF_Con' reference sheet 'HT_NCF_Oil'
Royalties,CIT_NCF_Gas,1,Formulas on 'CIT_NCF_Gas' reference sheet 'Royalties'
HT_NCF_Oil,CIT_NCF_Gas,1,Formulas on 'CIT_NCF_Gas' reference sheet 'HT_NCF_Oil'
Royalties,Project_NCF_Con (2),1,Formulas on 'Project_NCF_Con (2)' reference sheet 'Royalties'
Royalties,HT_NCF_Oil Equity,1,Formulas on 'HT_NCF_Oil Equity' reference sheet 'Royalties'
HT_NCF_Oil Equity,HT_NCF_Oil Equity,1,Formulas on 'HT_NCF_Oil Equity' reference sheet 'HT_NCF_Oil Equity'
Royalties,CIT_NCF_Oil Equity,1,Formulas on 'CIT_NCF_Oil Equity' reference sheet 'Royalties'
HT_NCF_Oil,CIT_NCF_Oil Equity,1,Formulas on 'CIT_NCF_Oil Equity' reference sheet 'HT_NCF_Oil'
CIT_NCF_Oil Equity,CIT_NCF_Oil Equity,1,Formulas on 'CIT_NCF_Oil Equity' reference sheet 'CIT_NCF_Oil Equity'
Royalties,CIT_NCF_Gas Equity,1,Formulas on 'CIT_NCF_Gas Equity' reference sheet 'Royalties'
HT_NCF_Oil,CIT_NCF_Gas Equity,1,Formulas on 'CIT_NCF_Gas Equity' reference sheet 'HT_NCF_Oil'
Royalties,Equity_NCF_Con,1,Formulas on 'Equity_NCF_Con' reference sheet 'Royalties'
CIT_NCF_Gas,Equity_NCF_Con,1,Formulas on 'Equity_NCF_Con' reference sheet 'CIT_NCF_Gas'
CIT_NCF_Oil,Equity_NCF_Con,1,Formulas on 'Equity_NCF_Con' reference sheet 'CIT_NCF_Oil'
HT_NCF_Oil,Equity_NCF_Con,1,Formulas on 'Equity_NCF_Con' reference sheet 'HT_NCF_Oil'
