worksheet,cell,location,formula,cached_value,domain,note
START,E3413,cached_value,=#REF!,#REF!,M01_Input_Control,Do not use as Golden expected value if #REF! in result
START,E3414,cached_value,=#REF!,#REF!,M01_Input_Control,Do not use as Golden expected value if #REF! in result
START,E3415,cached_value,=#REF!,#REF!,M01_Input_Control,Do not use as Golden expected value if #REF! in result
START,E3416,cached_value,=#REF!,#REF!,M01_Input_Control,Do not use as Golden expected value if #REF! in result
START,F3416,cached_value,=#REF!,#REF!,M01_Input_Control,Do not use as Golden expected value if #REF! in result
START,E3417,cached_value,=#REF!,#REF!,M01_Input_Control,Do not use as Golden expected value if #REF! in result
START,F3417,cached_value,=#REF!,#REF!,M01_Input_Control,Do not use as Golden expected value if #REF! in result
START,E3421,cached_value,=#REF!,#REF!,M01_Input_Control,Do not use as Golden expected value if #REF! in result
START,E3422,cached_value,=#REF!,#REF!,M01_Input_Control,Do not use as Golden expected value if #REF! in result
START,E3423,cached_value,=#REF!,#REF!,M01_Input_Control,Do not use as Golden expected value if #REF! in result
START,E3424,cached_value,=#REF!,#REF!,M01_Input_Control,Do not use as Golden expected value if #REF! in result
START,F3424,cached_value,=#REF!,#REF!,M01_Input_Control,Do not use as Golden expected value if #REF! in result
START,E3425,cached_value,=#REF!,#REF!,M01_Input_Control,Do not use as Golden expected value if #REF! in result
START,F3425,cached_value,=#REF!,#REF!,M01_Input_Control,Do not use as Golden expected value if #REF! in result
START,E3429,cached_value,=#REF!,#REF!,M01_Input_Control,Do not use as Golden expected value if #REF! in result
START,E3430,cached_value,=#REF!,#REF!,M01_Input_Control,Do not use as Golden expected value if #REF! in result
START,E3431,cached_value,=#REF!,#REF!,M01_Input_Control,Do not use as Golden expected value if #REF! in result
START,E3432,cached_value,=#REF!,#REF!,M01_Input_Control,Do not use as Golden expected value if #REF! in result
START,F3432,cached_value,=#REF!,#REF!,M01_Input_Control,Do not use as Golden expected value if #REF! in result
START,E3433,cached_value,=#REF!,#REF!,M01_Input_Control,Do not use as Golden expected value if #REF! in result
START,F3433,cached_value,=#REF!,#REF!,M01_Input_Control,Do not use as Golden expected value if #REF! in result
START,E3437,cached_value,=#REF!,#REF!,M01_Input_Control,Do not use as Golden expected value if #REF! in result
START,E3438,cached_value,=#REF!,#REF!,M01_Input_Control,Do not use as Golden expected value if #REF! in result
START,E3439,cached_value,=#REF!,#REF!,M01_Input_Control,Do not use as Golden expected value if #REF! in result
START,E3440,cached_value,=#REF!,#REF!,M01_Input_Control,Do not use as Golden expected value if #REF! in result
START,F3440,cached_value,=#REF!,#REF!,M01_Input_Control,Do not use as Golden expected value if #REF! in result
START,E3441,cached_value,=#REF!,#REF!,M01_Input_Control,Do not use as Golden expected value if #REF! in result
START,F3441,cached_value,=#REF!,#REF!,M01_Input_Control,Do not use as Golden expected value if #REF! in result
